image,dmy
rgb_n_0070_id_30026.tif,2412
rgb_n_0339_id_30027.tif,3816
rgb_n_0135_id_30027.tif,3816
rgb_n_0586_id_30126.tif,4522
rgb_n_1273_id_30077.tif,7346
rgb_n_1262_id_30077.tif,7346
rgb_n_0475_id_30126.tif,4522
rgb_n_1268_id_30076.tif,4171
rgb_n_1234_id_30076.tif,4171
rgb_n_0229_id_30026.tif,2412
rgb_n_0789_id_30126.tif,4522
rgb_n_0968_id_30076.tif,4171
rgb_n_0469_id_30126.tif,4522
rgb_n_0197_id_30025.tif,2073
rgb_n_0211_id_30027.tif,3816
rgb_n_0277_id_30025.tif,2073
rgb_n_1150_id_30075.tif,3249
rgb_n_0624_id_30126.tif,4522
rgb_n_0603_id_30126.tif,4522
rgb_n_0339_id_30025.tif,2073
rgb_n_0554_id_30126.tif,4522
rgb_n_0962_id_30075.tif,3249
rgb_n_0078_id_30027.tif,3816
rgb_n_0919_id_30077.tif,7346
rgb_n_0370_id_30025.tif,2073
rgb_n_0274_id_30025.tif,2073
rgb_n_1113_id_30075.tif,3249
rgb_n_0060_id_30027.tif,3816
rgb_n_0086_id_30025.tif,2073
rgb_n_1039_id_30075.tif,3249
rgb_n_0583_id_30126.tif,4522
rgb_n_0559_id_30125.tif,3596
rgb_n_0002_id_37.tif,2499
rgb_n_1104_id_30076.tif,4171
rgb_n_0146_id_30025.tif,2073
rgb_n_0660_id_30125.tif,3596
rgb_n_1240_id_30076.tif,4171
rgb_n_0707_id_30125.tif,3596
rgb_n_0536_id_30126.tif,4522
rgb_n_1071_id_30075.tif,3249
rgb_n_0870_id_30125.tif,3596
rgb_n_0186_id_30025.tif,2073
rgb_n_0381_id_30025.tif,2073
rgb_n_0762_id_30125.tif,3596
rgb_n_0923_id_30077.tif,7346
rgb_n_0100_id_30026.tif,2412
rgb_n_1044_id_30077.tif,7346
rgb_n_0046_id_30027.tif,3816
rgb_n_0665_id_30125.tif,3596
rgb_n_1001_id_30075.tif,3249
rgb_n_0110_id_30027.tif,3816
rgb_n_1202_id_30076.tif,4171
rgb_n_0170_id_30027.tif,3816
rgb_n_0170_id_30026.tif,2412
rgb_n_0292_id_30026.tif,2412
rgb_n_1322_id_30075.tif,3249
rgb_n_0709_id_30126.tif,4522
rgb_n_1330_id_30077.tif,7346
rgb_n_0657_id_30126.tif,4522
rgb_n_0267_id_30026.tif,2412
rgb_n_0249_id_30026.tif,2412
rgb_n_1112_id_30077.tif,7346
rgb_n_1198_id_30077.tif,7346
rgb_n_1040_id_30076.tif,4171
rgb_n_1081_id_30077.tif,7346
rgb_n_0315_id_30026.tif,2412
rgb_n_0705_id_30126.tif,4522
rgb_n_1247_id_30077.tif,7346
rgb_n_0638_id_30125.tif,3596
rgb_n_0878_id_30126.tif,4522
rgb_n_1170_id_30076.tif,4171
rgb_n_0993_id_30075.tif,3249
rgb_n_0379_id_30027.tif,3816
rgb_n_0663_id_30125.tif,3596
rgb_n_0889_id_30126.tif,4522
rgb_n_1194_id_30077.tif,7346
rgb_n_0799_id_30126.tif,4522
rgb_n_0269_id_30027.tif,3816
rgb_n_0310_id_30025.tif,2073
rgb_n_1218_id_30076.tif,4171
rgb_n_0667_id_30125.tif,3596
rgb_n_1124_id_30075.tif,3249
rgb_n_0204_id_30026.tif,2412
rgb_n_1334_id_30075.tif,3249
rgb_n_0671_id_30125.tif,3596
rgb_n_0926_id_30075.tif,3249
rgb_n_0283_id_30025.tif,2073
rgb_n_0375_id_30025.tif,2073
rgb_n_0098_id_30026.tif,2412
rgb_n_1028_id_30077.tif,7346
rgb_n_0046_id_30026.tif,2412
rgb_n_1171_id_30075.tif,3249
rgb_n_1031_id_30075.tif,3249
rgb_n_0036_id_30025.tif,2073
rgb_n_1272_id_30077.tif,7346
rgb_n_0265_id_30027.tif,3816
rgb_n_0041_id_30026.tif,2412
rgb_n_0057_id_30026.tif,2412
rgb_n_0267_id_30025.tif,2073
rgb_n_0248_id_30027.tif,3816
rgb_n_0069_id_30027.tif,3816
rgb_n_1316_id_30075.tif,3249
rgb_n_0622_id_30125.tif,3596
rgb_n_0983_id_30075.tif,3249
rgb_n_1316_id_30076.tif,4171
rgb_n_1224_id_30075.tif,3249
rgb_n_1138_id_30075.tif,3249
rgb_n_0581_id_30126.tif,4522
rgb_n_0783_id_30126.tif,4522
rgb_n_1015_id_30076.tif,4171
rgb_n_1075_id_30077.tif,7346
rgb_n_0300_id_30027.tif,3816
rgb_n_1218_id_30077.tif,7346
rgb_n_0596_id_30125.tif,3596
rgb_n_1337_id_30077.tif,7346
rgb_n_1163_id_30077.tif,7346
rgb_n_0234_id_30027.tif,3816
rgb_n_0693_id_30126.tif,4522
rgb_n_0707_id_30126.tif,4522
rgb_n_0756_id_30125.tif,3596
rgb_n_0778_id_30126.tif,4522
rgb_n_0978_id_30075.tif,3249
rgb_n_1054_id_30077.tif,7346
rgb_n_0607_id_30126.tif,4522
rgb_n_0968_id_30077.tif,7346
rgb_n_0162_id_30026.tif,2412
rgb_n_1325_id_30075.tif,3249
rgb_n_0362_id_30027.tif,3816
rgb_n_0361_id_30026.tif,2412
rgb_n_0106_id_30026.tif,2412
rgb_n_0124_id_30026.tif,2412
rgb_n_0234_id_30026.tif,2412
rgb_n_0182_id_30025.tif,2073
rgb_n_0093_id_30026.tif,2412
rgb_n_0298_id_30027.tif,3816
rgb_n_0120_id_30025.tif,2073
rgb_n_1225_id_30077.tif,7346
rgb_n_0280_id_30026.tif,2412
rgb_n_0592_id_30125.tif,3596
rgb_n_0067_id_30026.tif,2412
rgb_n_1218_id_30075.tif,3249
rgb_n_0327_id_30027.tif,3816
rgb_n_1106_id_30076.tif,4171
rgb_n_0180_id_30027.tif,3816
rgb_n_0984_id_30075.tif,3249
rgb_n_0619_id_30126.tif,4522
rgb_n_1266_id_30077.tif,7346
rgb_n_0253_id_30026.tif,2412
rgb_n_0712_id_30125.tif,3596
rgb_n_0280_id_30025.tif,2073
rgb_n_0343_id_30025.tif,2073
rgb_n_0345_id_30027.tif,3816
rgb_n_0275_id_30027.tif,3816
rgb_n_1075_id_30076.tif,4171
rgb_n_1009_id_30077.tif,7346
rgb_n_0514_id_30125.tif,3596
rgb_n_0819_id_30126.tif,4522
rgb_n_1056_id_30076.tif,4171
rgb_n_1090_id_30077.tif,7346
rgb_n_0711_id_30125.tif,3596
rgb_n_1173_id_30076.tif,4171
rgb_n_0107_id_30027.tif,3816
rgb_n_0202_id_30026.tif,2412
rgb_n_1109_id_30077.tif,7346
rgb_n_0166_id_30027.tif,3816
rgb_n_0291_id_30027.tif,3816
rgb_n_1252_id_30077.tif,7346
rgb_n_0755_id_30126.tif,4522
rgb_n_0473_id_30126.tif,4522
rgb_n_0771_id_30125.tif,3596
rgb_n_1195_id_30076.tif,4171
rgb_n_0357_id_30025.tif,2073
rgb_n_0118_id_30025.tif,2073
rgb_n_1200_id_30076.tif,4171
rgb_n_0395_id_30026.tif,2412
rgb_n_1314_id_30076.tif,4171
rgb_n_1251_id_30076.tif,4171
rgb_n_1002_id_30075.tif,3249
rgb_n_0262_id_30025.tif,2073
rgb_n_0140_id_30027.tif,3816
rgb_n_1334_id_30076.tif,4171
rgb_n_1330_id_30075.tif,3249
rgb_n_0728_id_30126.tif,4522
rgb_n_0706_id_30126.tif,4522
rgb_n_1022_id_30077.tif,7346
rgb_n_1122_id_30075.tif,3249
rgb_n_1042_id_30077.tif,7346
rgb_n_0173_id_30027.tif,3816
rgb_n_1273_id_30075.tif,3249
rgb_n_0326_id_30027.tif,3816
rgb_n_1024_id_30077.tif,7346
rgb_n_0062_id_30027.tif,3816
rgb_n_0699_id_30126.tif,4522
rgb_n_0165_id_30026.tif,2412
rgb_n_0349_id_30025.tif,2073
rgb_n_0390_id_30027.tif,3816
rgb_n_0809_id_30126.tif,4522
rgb_n_0114_id_30027.tif,3816
rgb_n_0392_id_30027.tif,3816
rgb_n_0689_id_30126.tif,4522
rgb_n_0519_id_30125.tif,3596
rgb_n_0633_id_30126.tif,4522
rgb_n_1225_id_30076.tif,4171
rgb_n_0969_id_30076.tif,4171
rgb_n_0196_id_30025.tif,2073
rgb_n_1129_id_30075.tif,3249
rgb_n_1235_id_30076.tif,4171
rgb_n_0152_id_30025.tif,2073
rgb_n_0928_id_30075.tif,3249
rgb_n_1327_id_30076.tif,4171
rgb_n_0920_id_30076.tif,4171
rgb_n_1057_id_30077.tif,7346
rgb_n_0745_id_30126.tif,4522
rgb_n_0134_id_30025.tif,2073
rgb_n_0264_id_30026.tif,2412
rgb_n_1051_id_30075.tif,3249
rgb_n_0165_id_30025.tif,2073
rgb_n_0149_id_30026.tif,2412
rgb_n_0807_id_30126.tif,4522
rgb_n_0388_id_30026.tif,2412
rgb_n_1049_id_30077.tif,7346
rgb_n_0363_id_30027.tif,3816
rgb_n_1115_id_30077.tif,7346
rgb_n_0157_id_30027.tif,3816
rgb_n_0268_id_30027.tif,3816
rgb_n_0318_id_30025.tif,2073
rgb_n_1011_id_30077.tif,7346
rgb_n_0967_id_30075.tif,3249
rgb_n_0782_id_30125.tif,3596
rgb_n_0976_id_30075.tif,3249
rgb_n_0711_id_30126.tif,4522
rgb_n_1153_id_30075.tif,3249
rgb_n_1121_id_30076.tif,4171
rgb_n_1322_id_30076.tif,4171
rgb_n_0754_id_30125.tif,3596
rgb_n_0709_id_30125.tif,3596
rgb_n_0688_id_30126.tif,4522
rgb_n_1319_id_30075.tif,3249
rgb_n_1051_id_30077.tif,7346
rgb_n_1223_id_30076.tif,4171
rgb_n_0155_id_30027.tif,3816
rgb_n_0093_id_30025.tif,2073
rgb_n_0979_id_30077.tif,7346
rgb_n_0396_id_30026.tif,2412
rgb_n_1344_id_30076.tif,4171
rgb_n_0183_id_30025.tif,2073
rgb_n_0697_id_30126.tif,4522
rgb_n_1045_id_30077.tif,7346
rgb_n_1012_id_30075.tif,3249
rgb_n_0752_id_30125.tif,3596
rgb_n_0217_id_30026.tif,2412
rgb_n_0474_id_30125.tif,3596
rgb_n_1168_id_30075.tif,3249
rgb_n_0553_id_30125.tif,3596
rgb_n_0122_id_30026.tif,2412
rgb_n_1083_id_30076.tif,4171
rgb_n_0105_id_30025.tif,2073
rgb_n_1151_id_30077.tif,7346
rgb_n_0736_id_30126.tif,4522
rgb_n_1265_id_30076.tif,4171
rgb_n_0002_id_30.tif,3002
rgb_n_0205_id_30027.tif,3816
rgb_n_0546_id_30125.tif,3596
rgb_n_1243_id_30077.tif,7346
rgb_n_0606_id_30126.tif,4522
rgb_n_0291_id_30025.tif,2073
rgb_n_0917_id_30075.tif,3249
rgb_n_1220_id_30075.tif,3249
rgb_n_0088_id_30026.tif,2412
rgb_n_0041_id_30027.tif,3816
rgb_n_1342_id_30077.tif,7346
rgb_n_1325_id_30077.tif,7346
rgb_n_1217_id_30077.tif,7346
rgb_n_0571_id_30125.tif,3596
rgb_n_1268_id_30075.tif,3249
rgb_n_0313_id_30027.tif,3816
rgb_n_0359_id_30026.tif,2412
rgb_n_1124_id_30076.tif,4171
rgb_n_0788_id_30125.tif,3596
rgb_n_0325_id_30026.tif,2412
rgb_n_0072_id_30025.tif,2073
rgb_n_1240_id_30077.tif,7346
rgb_n_0658_id_30126.tif,4522
rgb_n_0372_id_30026.tif,2412
rgb_n_0887_id_30125.tif,3596
rgb_n_0073_id_30025.tif,2073
rgb_n_1077_id_30076.tif,4171
rgb_n_1192_id_30075.tif,3249
rgb_n_1265_id_30077.tif,7346
rgb_n_0974_id_30075.tif,3249
rgb_n_0740_id_30126.tif,4522
rgb_n_0886_id_30126.tif,4522
rgb_n_1107_id_30076.tif,4171
rgb_n_1076_id_30077.tif,7346
rgb_n_0777_id_30125.tif,3596
rgb_n_0831_id_30126.tif,4522
rgb_n_1176_id_30077.tif,7346
rgb_n_0090_id_30026.tif,2412
rgb_n_0595_id_30125.tif,3596
rgb_n_0250_id_30027.tif,3816
rgb_n_0679_id_30126.tif,4522
rgb_n_0284_id_30026.tif,2412
rgb_n_0059_id_30026.tif,2412
rgb_n_1006_id_30076.tif,4171
rgb_n_0109_id_30027.tif,3816
rgb_n_0001_id_32.tif,2209
rgb_n_1161_id_30077.tif,7346
rgb_n_0363_id_30025.tif,2073
rgb_n_1038_id_30077.tif,7346
rgb_n_1176_id_30075.tif,3249
rgb_n_0042_id_30027.tif,3816
rgb_n_0562_id_30125.tif,3596
rgb_n_0084_id_30027.tif,3816
rgb_n_0164_id_30026.tif,2412
rgb_n_0645_id_30125.tif,3596
rgb_n_1328_id_30075.tif,3249
rgb_n_0883_id_30126.tif,4522
rgb_n_1163_id_30075.tif,3249
rgb_n_0229_id_30027.tif,3816
rgb_n_0185_id_30027.tif,3816
rgb_n_0250_id_30025.tif,2073
rgb_n_1227_id_30077.tif,7346
rgb_n_0344_id_30027.tif,3816
rgb_n_0659_id_30126.tif,4522
rgb_n_0890_id_30125.tif,3596
rgb_n_1102_id_30077.tif,7346
rgb_n_0258_id_30025.tif,2073
rgb_n_1049_id_30075.tif,3249
rgb_n_1315_id_30075.tif,3249
rgb_n_0821_id_30126.tif,4522
rgb_n_1208_id_30075.tif,3249
rgb_n_0759_id_30126.tif,4522
rgb_n_0529_id_30125.tif,3596
rgb_n_0721_id_30126.tif,4522
rgb_n_0069_id_30026.tif,2412
rgb_n_0977_id_30077.tif,7346
rgb_n_0544_id_30125.tif,3596
rgb_n_0920_id_30075.tif,3249
rgb_n_1138_id_30076.tif,4171
rgb_n_0587_id_30125.tif,3596
rgb_n_0981_id_30077.tif,7346
rgb_n_0770_id_30125.tif,3596
rgb_n_0884_id_30125.tif,3596
rgb_n_0641_id_30125.tif,3596
rgb_n_0121_id_30025.tif,2073
rgb_n_1015_id_30075.tif,3249
rgb_n_0115_id_30025.tif,2073
rgb_n_0808_id_30126.tif,4522
rgb_n_0370_id_30026.tif,2412
rgb_n_0292_id_30027.tif,3816
rgb_n_1138_id_30077.tif,7346
rgb_n_0130_id_30025.tif,2073
rgb_n_0235_id_30025.tif,2073
rgb_n_0106_id_30025.tif,2073
rgb_n_0050_id_30026.tif,2412
rgb_n_0285_id_30025.tif,2073
rgb_n_0997_id_30075.tif,3249
rgb_n_1280_id_30077.tif,7346
rgb_n_0825_id_30125.tif,3596
rgb_n_0522_id_30125.tif,3596
rgb_n_0375_id_30026.tif,2412
rgb_n_0119_id_30027.tif,3816
rgb_n_0295_id_30026.tif,2412
rgb_n_1050_id_30075.tif,3249
rgb_n_0670_id_30125.tif,3596
rgb_n_1119_id_30076.tif,4171
rgb_n_0704_id_30125.tif,3596
rgb_n_0527_id_30125.tif,3596
rgb_n_0772_id_30125.tif,3596
rgb_n_0138_id_30026.tif,2412
rgb_n_1079_id_30077.tif,7346
rgb_n_0165_id_30027.tif,3816
rgb_n_1166_id_30076.tif,4171
rgb_n_0253_id_30025.tif,2073
rgb_n_0963_id_30075.tif,3249
rgb_n_0804_id_30125.tif,3596
rgb_n_0114_id_30025.tif,2073
rgb_n_0246_id_30027.tif,3816
rgb_n_0283_id_30026.tif,2412
rgb_n_0827_id_30125.tif,3596
rgb_n_0072_id_30026.tif,2412
rgb_n_0915_id_30077.tif,7346
rgb_n_0708_id_30125.tif,3596
rgb_n_0586_id_30125.tif,3596
rgb_n_0610_id_30126.tif,4522
rgb_n_1064_id_30075.tif,3249
rgb_n_0350_id_30026.tif,2412
rgb_n_0206_id_30025.tif,2073
rgb_n_0200_id_30025.tif,2073
rgb_n_0151_id_30027.tif,3816
rgb_n_1090_id_30076.tif,4171
rgb_n_0391_id_30026.tif,2412
rgb_n_0292_id_30025.tif,2073
rgb_n_0692_id_30126.tif,4522
rgb_n_0521_id_30126.tif,4522
rgb_n_0117_id_30026.tif,2412
rgb_n_1207_id_30076.tif,4171
rgb_n_1246_id_30075.tif,3249
rgb_n_0884_id_30126.tif,4522
rgb_n_0075_id_30025.tif,2073
rgb_n_0927_id_30077.tif,7346
rgb_n_0980_id_30077.tif,7346
rgb_n_0066_id_30026.tif,2412
rgb_n_0671_id_30126.tif,4522
rgb_n_0793_id_30125.tif,3596
rgb_n_0964_id_30076.tif,4171
rgb_n_0323_id_30027.tif,3816
rgb_n_0219_id_30027.tif,3816
rgb_n_0703_id_30126.tif,4522
rgb_n_1107_id_30075.tif,3249
rgb_n_0057_id_30025.tif,2073
rgb_n_1156_id_30075.tif,3249
rgb_n_0803_id_30125.tif,3596
rgb_n_1055_id_30075.tif,3249
rgb_n_0814_id_30126.tif,4522
rgb_n_1259_id_30075.tif,3249
rgb_n_1263_id_30075.tif,3249
rgb_n_0101_id_30025.tif,2073
rgb_n_1327_id_30075.tif,3249
rgb_n_0187_id_30027.tif,3816
rgb_n_0040_id_30027.tif,3816
rgb_n_0628_id_30126.tif,4522
rgb_n_0659_id_30125.tif,3596
rgb_n_0928_id_30077.tif,7346
rgb_n_0067_id_30025.tif,2073
rgb_n_1281_id_30075.tif,3249
rgb_n_0281_id_30027.tif,3816
rgb_n_0619_id_30125.tif,3596
rgb_n_1313_id_30075.tif,3249
rgb_n_0350_id_30025.tif,2073
rgb_n_1112_id_30075.tif,3249
rgb_n_1255_id_30076.tif,4171
rgb_n_0116_id_30027.tif,3816
rgb_n_0795_id_30126.tif,4522
rgb_n_0655_id_30125.tif,3596
rgb_n_0276_id_30027.tif,3816
rgb_n_0640_id_30125.tif,3596
rgb_n_1055_id_30076.tif,4171
rgb_n_0103_id_30027.tif,3816
rgb_n_0539_id_30126.tif,4522
rgb_n_0783_id_30125.tif,3596
rgb_n_0881_id_30125.tif,3596
rgb_n_0147_id_30026.tif,2412
rgb_n_0071_id_30026.tif,2412
rgb_n_0286_id_30025.tif,2073
rgb_n_0202_id_30025.tif,2073
rgb_n_0297_id_30025.tif,2073
rgb_n_0136_id_30027.tif,3816
rgb_n_1203_id_30076.tif,4171
rgb_n_0577_id_30126.tif,4522
rgb_n_0053_id_30027.tif,3816
rgb_n_0975_id_30076.tif,4171
rgb_n_0001_id_38.tif,2021
rgb_n_1214_id_30077.tif,7346
rgb_n_0466_id_30126.tif,4522
rgb_n_0066_id_30027.tif,3816
rgb_n_0532_id_30126.tif,4522
rgb_n_1280_id_30075.tif,3249
rgb_n_0615_id_30125.tif,3596
rgb_n_0740_id_30125.tif,3596
rgb_n_1104_id_30077.tif,7346
rgb_n_0212_id_30026.tif,2412
rgb_n_1220_id_30076.tif,4171
rgb_n_0339_id_30026.tif,2412
rgb_n_0392_id_30025.tif,2073
rgb_n_0345_id_30026.tif,2412
rgb_n_0593_id_30125.tif,3596
rgb_n_1063_id_30077.tif,7346
rgb_n_0719_id_30126.tif,4522
rgb_n_0037_id_30025.tif,2073
rgb_n_1207_id_30075.tif,3249
rgb_n_1195_id_30077.tif,7346
rgb_n_0108_id_30026.tif,2412
rgb_n_0042_id_30026.tif,2412
rgb_n_0355_id_30026.tif,2412
rgb_n_0638_id_30126.tif,4522
rgb_n_0682_id_30125.tif,3596
rgb_n_1202_id_30075.tif,3249
rgb_n_0001_id_33.tif,625
rgb_n_0194_id_30027.tif,3816
rgb_n_0805_id_30125.tif,3596
rgb_n_0282_id_30027.tif,3816
rgb_n_0703_id_30125.tif,3596
rgb_n_1147_id_30077.tif,7346
rgb_n_0624_id_30125.tif,3596
rgb_n_0244_id_30026.tif,2412
rgb_n_1141_id_30076.tif,4171
rgb_n_1194_id_30076.tif,4171
rgb_n_0553_id_30126.tif,4522
rgb_n_0664_id_30125.tif,3596
rgb_n_1320_id_30076.tif,4171
rgb_n_0871_id_30125.tif,3596
rgb_n_0344_id_30025.tif,2073
rgb_n_0722_id_30126.tif,4522
rgb_n_0390_id_30025.tif,2073
rgb_n_0254_id_30027.tif,3816
rgb_n_0216_id_30026.tif,2412
rgb_n_0727_id_30125.tif,3596
rgb_n_1221_id_30075.tif,3249
rgb_n_0108_id_30027.tif,3816
rgb_n_0301_id_30026.tif,2412
rgb_n_1169_id_30075.tif,3249
rgb_n_0196_id_30026.tif,2412
rgb_n_0380_id_30026.tif,2412
rgb_n_0516_id_30125.tif,3596
rgb_n_0201_id_30025.tif,2073
rgb_n_0206_id_30026.tif,2412
rgb_n_1134_id_30075.tif,3249
rgb_n_1166_id_30075.tif,3249
rgb_n_1233_id_30075.tif,3249
rgb_n_1250_id_30076.tif,4171
rgb_n_0660_id_30126.tif,4522
rgb_n_1040_id_30077.tif,7346
rgb_n_0347_id_30025.tif,2073
rgb_n_0253_id_30027.tif,3816
rgb_n_0235_id_30027.tif,3816
rgb_n_1099_id_30076.tif,4171
rgb_n_0992_id_30075.tif,3249
rgb_n_1026_id_30076.tif,4171
rgb_n_1123_id_30075.tif,3249
rgb_n_1335_id_30076.tif,4171
rgb_n_1141_id_30077.tif,7346
rgb_n_0591_id_30126.tif,4522
rgb_n_0628_id_30125.tif,3596
rgb_n_1135_id_30075.tif,3249
rgb_n_0238_id_30026.tif,2412
rgb_n_0358_id_30026.tif,2412
rgb_n_0873_id_30126.tif,4522
rgb_n_1041_id_30076.tif,4171
rgb_n_1215_id_30077.tif,7346
rgb_n_0221_id_30027.tif,3816
rgb_n_0639_id_30126.tif,4522
rgb_n_0212_id_30025.tif,2073
rgb_n_0331_id_30025.tif,2073
rgb_n_0677_id_30125.tif,3596
rgb_n_1065_id_30077.tif,7346
rgb_n_1028_id_30076.tif,4171
rgb_n_0587_id_30126.tif,4522
rgb_n_0537_id_30126.tif,4522
rgb_n_0394_id_30026.tif,2412
rgb_n_0612_id_30125.tif,3596
rgb_n_1170_id_30077.tif,7346
rgb_n_0238_id_30027.tif,3816
rgb_n_0333_id_30026.tif,2412
rgb_n_1074_id_30076.tif,4171
rgb_n_0768_id_30125.tif,3596
rgb_n_1008_id_30075.tif,3249
rgb_n_1155_id_30077.tif,7346
rgb_n_0069_id_30025.tif,2073
rgb_n_0184_id_30027.tif,3816
rgb_n_1000_id_30075.tif,3249
rgb_n_0643_id_30126.tif,4522
rgb_n_1044_id_30075.tif,3249
rgb_n_0056_id_30026.tif,2412
rgb_n_1205_id_30076.tif,4171
rgb_n_1043_id_30077.tif,7346
rgb_n_0394_id_30025.tif,2073
rgb_n_0146_id_30026.tif,2412
rgb_n_0317_id_30025.tif,2073
rgb_n_0714_id_30125.tif,3596
rgb_n_1157_id_30077.tif,7346
rgb_n_1042_id_30075.tif,3249
rgb_n_1023_id_30076.tif,4171
rgb_n_1015_id_30077.tif,7346
rgb_n_1258_id_30076.tif,4171
rgb_n_1274_id_30077.tif,7346
rgb_n_0231_id_30027.tif,3816
rgb_n_1203_id_30077.tif,7346
rgb_n_0315_id_30027.tif,3816
rgb_n_0809_id_30125.tif,3596
rgb_n_0551_id_30125.tif,3596
rgb_n_1044_id_30076.tif,4171
rgb_n_1242_id_30075.tif,3249
rgb_n_0203_id_30027.tif,3816
rgb_n_0216_id_30025.tif,2073
rgb_n_0379_id_30026.tif,2412
rgb_n_1167_id_30077.tif,7346
rgb_n_0296_id_30027.tif,3816
rgb_n_0549_id_30125.tif,3596
rgb_n_1128_id_30076.tif,4171
rgb_n_0146_id_30027.tif,3816
rgb_n_0125_id_30027.tif,3816
rgb_n_0196_id_30027.tif,3816
rgb_n_0311_id_30025.tif,2073
rgb_n_0243_id_30027.tif,3816
rgb_n_1111_id_30076.tif,4171
rgb_n_0074_id_30025.tif,2073
rgb_n_1150_id_30077.tif,7346
rgb_n_0162_id_30027.tif,3816
rgb_n_1184_id_30075.tif,3249
rgb_n_0038_id_30026.tif,2412
rgb_n_0691_id_30125.tif,3596
rgb_n_1177_id_30075.tif,3249
rgb_n_1027_id_30077.tif,7346
rgb_n_0061_id_30025.tif,2073
rgb_n_0379_id_30025.tif,2073
rgb_n_0723_id_30126.tif,4522
rgb_n_0698_id_30125.tif,3596
rgb_n_0473_id_30125.tif,3596
rgb_n_0174_id_30026.tif,2412
rgb_n_0922_id_30077.tif,7346
rgb_n_0792_id_30125.tif,3596
rgb_n_1143_id_30077.tif,7346
rgb_n_0807_id_30125.tif,3596
rgb_n_0149_id_30027.tif,3816
rgb_n_0141_id_30026.tif,2412
rgb_n_0103_id_30026.tif,2412
rgb_n_0068_id_30026.tif,2412
rgb_n_0805_id_30126.tif,4522
rgb_n_1026_id_30077.tif,7346
rgb_n_0554_id_30125.tif,3596
rgb_n_0632_id_30125.tif,3596
rgb_n_0322_id_30025.tif,2073
rgb_n_0602_id_30126.tif,4522
rgb_n_0300_id_30026.tif,2412
rgb_n_0140_id_30026.tif,2412
rgb_n_1007_id_30075.tif,3249
rgb_n_0052_id_30026.tif,2412
rgb_n_1246_id_30077.tif,7346
rgb_n_1204_id_30075.tif,3249
rgb_n_0785_id_30125.tif,3596
rgb_n_0563_id_30125.tif,3596
rgb_n_1318_id_30075.tif,3249
rgb_n_1235_id_30075.tif,3249
rgb_n_0293_id_30027.tif,3816
rgb_n_0558_id_30125.tif,3596
rgb_n_1008_id_30076.tif,4171
rgb_n_0109_id_30026.tif,2412
rgb_n_0964_id_30077.tif,7346
rgb_n_0963_id_30076.tif,4171
rgb_n_0597_id_30126.tif,4522
rgb_n_0803_id_30126.tif,4522
rgb_n_1329_id_30076.tif,4171
rgb_n_0578_id_30126.tif,4522
rgb_n_1219_id_30075.tif,3249
rgb_n_0595_id_30126.tif,4522
rgb_n_1071_id_30077.tif,7346
rgb_n_1210_id_30077.tif,7346
rgb_n_0213_id_30025.tif,2073
rgb_n_0217_id_30025.tif,2073
rgb_n_0818_id_30126.tif,4522
rgb_n_1031_id_30076.tif,4171
rgb_n_0078_id_30026.tif,2412
rgb_n_0526_id_30126.tif,4522
rgb_n_0693_id_30125.tif,3596
rgb_n_1313_id_30076.tif,4171
rgb_n_0231_id_30026.tif,2412
rgb_n_0970_id_30076.tif,4171
rgb_n_0396_id_30027.tif,3816
rgb_n_0056_id_30027.tif,3816
rgb_n_0178_id_30025.tif,2073
rgb_n_0977_id_30076.tif,4171
rgb_n_0326_id_30025.tif,2073
rgb_n_1019_id_30077.tif,7346
rgb_n_0688_id_30125.tif,3596
rgb_n_0792_id_30126.tif,4522
rgb_n_1032_id_30075.tif,3249
rgb_n_0293_id_30025.tif,2073
rgb_n_1182_id_30077.tif,7346
rgb_n_0221_id_30026.tif,2412
rgb_n_0148_id_30026.tif,2412
rgb_n_1151_id_30076.tif,4171
rgb_n_0562_id_30126.tif,4522
rgb_n_0001_id_34.tif,2910
rgb_n_0202_id_30027.tif,3816
rgb_n_0078_id_30025.tif,2073
rgb_n_1002_id_30076.tif,4171
rgb_n_0141_id_30027.tif,3816
rgb_n_0100_id_30025.tif,2073
rgb_n_0754_id_30126.tif,4522
rgb_n_0301_id_30027.tif,3816
rgb_n_1119_id_30075.tif,3249
rgb_n_0785_id_30126.tif,4522
rgb_n_1170_id_30075.tif,3249
rgb_n_0633_id_30125.tif,3596
rgb_n_1006_id_30075.tif,3249
rgb_n_0134_id_30026.tif,2412
rgb_n_0387_id_30025.tif,2073
rgb_n_0820_id_30125.tif,3596
rgb_n_0609_id_30125.tif,3596
rgb_n_0331_id_30027.tif,3816
rgb_n_1137_id_30077.tif,7346
rgb_n_0537_id_30125.tif,3596
rgb_n_0099_id_30025.tif,2073
rgb_n_0356_id_30025.tif,2073
rgb_n_0338_id_30026.tif,2412
rgb_n_1039_id_30076.tif,4171
rgb_n_1233_id_30077.tif,7346
rgb_n_1080_id_30076.tif,4171
rgb_n_1055_id_30077.tif,7346
rgb_n_1109_id_30076.tif,4171
rgb_n_1066_id_30077.tif,7346
rgb_n_1131_id_30075.tif,3249
rgb_n_1332_id_30077.tif,7346
rgb_n_0306_id_30025.tif,2073
rgb_n_1321_id_30076.tif,4171
rgb_n_1135_id_30077.tif,7346
rgb_n_0053_id_30025.tif,2073
rgb_n_0001_id_3.tif,1014
rgb_n_1232_id_30076.tif,4171
rgb_n_0741_id_30126.tif,4522
rgb_n_0994_id_30076.tif,4171
rgb_n_0655_id_30126.tif,4522
rgb_n_1129_id_30077.tif,7346
rgb_n_1152_id_30077.tif,7346
rgb_n_1332_id_30075.tif,3249
rgb_n_0994_id_30075.tif,3249
rgb_n_0124_id_30027.tif,3816
rgb_n_1145_id_30077.tif,7346
rgb_n_1209_id_30077.tif,7346
rgb_n_1264_id_30076.tif,4171
rgb_n_0392_id_30026.tif,2412
rgb_n_0804_id_30126.tif,4522
rgb_n_0117_id_30027.tif,3816
rgb_n_0274_id_30026.tif,2412
rgb_n_1130_id_30077.tif,7346
rgb_n_0221_id_30025.tif,2073
rgb_n_0705_id_30125.tif,3596
rgb_n_0593_id_30126.tif,4522
rgb_n_0915_id_30075.tif,3249
rgb_n_0055_id_30026.tif,2412
rgb_n_1281_id_30077.tif,7346
rgb_n_0002_id_39.tif,2721
rgb_n_0625_id_30126.tif,4522
rgb_n_1232_id_30075.tif,3249
rgb_n_0631_id_30125.tif,3596
rgb_n_1223_id_30077.tif,7346
rgb_n_0354_id_30026.tif,2412
rgb_n_0324_id_30027.tif,3816
rgb_n_1247_id_30075.tif,3249
rgb_n_1013_id_30075.tif,3249
rgb_n_0567_id_30126.tif,4522
rgb_n_1214_id_30075.tif,3249
rgb_n_1139_id_30075.tif,3249
rgb_n_0330_id_30025.tif,2073
rgb_n_0648_id_30126.tif,4522
rgb_n_0479_id_30126.tif,4522
rgb_n_1048_id_30076.tif,4171
rgb_n_0035_id_30026.tif,2412
rgb_n_0360_id_30026.tif,2412
rgb_n_0929_id_30075.tif,3249
rgb_n_1118_id_30075.tif,3249
rgb_n_0990_id_30075.tif,3249
rgb_n_0074_id_30027.tif,3816
rgb_n_1122_id_30077.tif,7346
rgb_n_1313_id_30077.tif,7346
rgb_n_0135_id_30026.tif,2412
rgb_n_0725_id_30126.tif,4522
rgb_n_0753_id_30125.tif,3596
rgb_n_1331_id_30075.tif,3249
rgb_n_0751_id_30125.tif,3596
rgb_n_0866_id_30126.tif,4522
rgb_n_0133_id_30026.tif,2412
rgb_n_0035_id_30027.tif,3816
rgb_n_0341_id_30026.tif,2412
rgb_n_0054_id_30026.tif,2412
rgb_n_0331_id_30026.tif,2412
rgb_n_0376_id_30025.tif,2073
rgb_n_0277_id_30026.tif,2412
rgb_n_0980_id_30076.tif,4171
rgb_n_1343_id_30076.tif,4171
rgb_n_0102_id_30026.tif,2412
rgb_n_0815_id_30125.tif,3596
rgb_n_1097_id_30077.tif,7346
rgb_n_0218_id_30027.tif,3816
rgb_n_0138_id_30025.tif,2073
rgb_n_1061_id_30076.tif,4171
rgb_n_1013_id_30076.tif,4171
rgb_n_1034_id_30075.tif,3249
rgb_n_0802_id_30126.tif,4522
rgb_n_1043_id_30075.tif,3249
rgb_n_1168_id_30076.tif,4171
rgb_n_1231_id_30077.tif,7346
rgb_n_0746_id_30126.tif,4522
rgb_n_1344_id_30077.tif,7346
rgb_n_0472_id_30125.tif,3596
rgb_n_1175_id_30076.tif,4171
rgb_n_0751_id_30126.tif,4522
rgb_n_1217_id_30076.tif,4171
rgb_n_1043_id_30076.tif,4171
rgb_n_0975_id_30075.tif,3249
rgb_n_1016_id_30076.tif,4171
rgb_n_0077_id_30027.tif,3816
rgb_n_1201_id_30077.tif,7346
rgb_n_1173_id_30075.tif,3249
rgb_n_1134_id_30076.tif,4171
rgb_n_1007_id_30077.tif,7346
rgb_n_0967_id_30077.tif,7346
rgb_n_0198_id_30025.tif,2073
rgb_n_0377_id_30025.tif,2073
rgb_n_1146_id_30077.tif,7346
rgb_n_0695_id_30125.tif,3596
rgb_n_0348_id_30027.tif,3816
rgb_n_1028_id_30075.tif,3249
rgb_n_0580_id_30126.tif,4522
rgb_n_1186_id_30077.tif,7346
rgb_n_0787_id_30126.tif,4522
rgb_n_1048_id_30075.tif,3249
rgb_n_1139_id_30076.tif,4171
rgb_n_0567_id_30125.tif,3596
rgb_n_0249_id_30025.tif,2073
rgb_n_1082_id_30075.tif,3249
rgb_n_1272_id_30075.tif,3249
rgb_n_1108_id_30077.tif,7346
rgb_n_1336_id_30075.tif,3249
rgb_n_0389_id_30026.tif,2412
rgb_n_0084_id_30025.tif,2073
rgb_n_1075_id_30075.tif,3249
rgb_n_1327_id_30077.tif,7346
rgb_n_0386_id_30026.tif,2412
rgb_n_0314_id_30027.tif,3816
rgb_n_0832_id_30126.tif,4522
rgb_n_1188_id_30077.tif,7346
rgb_n_1001_id_30077.tif,7346
rgb_n_0914_id_30076.tif,4171
rgb_n_0046_id_30025.tif,2073
rgb_n_0738_id_30125.tif,3596
rgb_n_1029_id_30076.tif,4171
rgb_n_0523_id_30126.tif,4522
rgb_n_0994_id_30077.tif,7346
rgb_n_0197_id_30026.tif,2412
rgb_n_1130_id_30076.tif,4171
rgb_n_0888_id_30125.tif,3596
rgb_n_0120_id_30026.tif,2412
rgb_n_0286_id_30027.tif,3816
rgb_n_0611_id_30125.tif,3596
rgb_n_0380_id_30027.tif,3816
rgb_n_1159_id_30076.tif,4171
rgb_n_0123_id_30026.tif,2412
rgb_n_0970_id_30077.tif,7346
rgb_n_0779_id_30125.tif,3596
rgb_n_1257_id_30077.tif,7346
rgb_n_0468_id_30126.tif,4522
rgb_n_0896_id_30125.tif,3596
rgb_n_0137_id_30027.tif,3816
rgb_n_1097_id_30076.tif,4171
rgb_n_1329_id_30075.tif,3249
rgb_n_0387_id_30026.tif,2412
rgb_n_0088_id_30027.tif,3816
rgb_n_0664_id_30126.tif,4522
rgb_n_1178_id_30076.tif,4171
rgb_n_0963_id_30077.tif,7346
rgb_n_1150_id_30076.tif,4171
rgb_n_1220_id_30077.tif,7346
rgb_n_0213_id_30027.tif,3816
rgb_n_1230_id_30075.tif,3249
rgb_n_1060_id_30075.tif,3249
rgb_n_0585_id_30126.tif,4522
rgb_n_0130_id_30027.tif,3816
rgb_n_0061_id_30027.tif,3816
rgb_n_0984_id_30076.tif,4171
rgb_n_1098_id_30076.tif,4171
rgb_n_1060_id_30076.tif,4171
rgb_n_0237_id_30027.tif,3816
rgb_n_1013_id_30077.tif,7346
rgb_n_0728_id_30125.tif,3596
rgb_n_1099_id_30077.tif,7346
rgb_n_0275_id_30025.tif,2073
rgb_n_0243_id_30026.tif,2412
rgb_n_0644_id_30126.tif,4522
rgb_n_1087_id_30077.tif,7346
rgb_n_0575_id_30125.tif,3596
rgb_n_1095_id_30077.tif,7346
rgb_n_0867_id_30126.tif,4522
rgb_n_0220_id_30027.tif,3816
rgb_n_0871_id_30126.tif,4522
rgb_n_1154_id_30075.tif,3249
rgb_n_0343_id_30026.tif,2412
rgb_n_0280_id_30027.tif,3816
rgb_n_0086_id_30027.tif,3816
rgb_n_0370_id_30027.tif,3816
rgb_n_0258_id_30027.tif,3816
rgb_n_0992_id_30076.tif,4171
rgb_n_1224_id_30077.tif,7346
rgb_n_1226_id_30075.tif,3249
rgb_n_0358_id_30025.tif,2073
rgb_n_0696_id_30125.tif,3596
rgb_n_1009_id_30076.tif,4171
rgb_n_1186_id_30075.tif,3249
rgb_n_1113_id_30077.tif,7346
rgb_n_0673_id_30126.tif,4522
rgb_n_1316_id_30077.tif,7346
rgb_n_0980_id_30075.tif,3249
rgb_n_1139_id_30077.tif,7346
rgb_n_0227_id_30025.tif,2073
rgb_n_0189_id_30026.tif,2412
rgb_n_0348_id_30026.tif,2412
rgb_n_0991_id_30077.tif,7346
rgb_n_0222_id_30027.tif,3816
rgb_n_1241_id_30076.tif,4171
rgb_n_1034_id_30077.tif,7346
rgb_n_0993_id_30077.tif,7346
rgb_n_1249_id_30075.tif,3249
rgb_n_0366_id_30025.tif,2073
rgb_n_0316_id_30026.tif,2412
rgb_n_1236_id_30075.tif,3249
rgb_n_1098_id_30075.tif,3249
rgb_n_0199_id_30025.tif,2073
rgb_n_0971_id_30076.tif,4171
rgb_n_0102_id_30025.tif,2073
rgb_n_0584_id_30126.tif,4522
rgb_n_0535_id_30125.tif,3596
rgb_n_0119_id_30026.tif,2412
rgb_n_0763_id_30125.tif,3596
rgb_n_1252_id_30075.tif,3249
rgb_n_0174_id_30027.tif,3816
rgb_n_0746_id_30125.tif,3596
rgb_n_0708_id_30126.tif,4522
rgb_n_0817_id_30126.tif,4522
rgb_n_0750_id_30126.tif,4522
rgb_n_0882_id_30126.tif,4522
rgb_n_0270_id_30025.tif,2073
rgb_n_0308_id_30025.tif,2073
rgb_n_0204_id_30027.tif,3816
rgb_n_0986_id_30077.tif,7346
rgb_n_0999_id_30075.tif,3249
rgb_n_0977_id_30075.tif,3249
rgb_n_0052_id_30027.tif,3816
rgb_n_1187_id_30075.tif,3249
rgb_n_1136_id_30076.tif,4171
rgb_n_1168_id_30077.tif,7346
rgb_n_1144_id_30076.tif,4171
rgb_n_0290_id_30027.tif,3816
rgb_n_1066_id_30076.tif,4171
rgb_n_0045_id_30026.tif,2412
rgb_n_0152_id_30027.tif,3816
rgb_n_1242_id_30077.tif,7346
rgb_n_0779_id_30126.tif,4522
rgb_n_0625_id_30125.tif,3596
rgb_n_0087_id_30026.tif,2412
rgb_n_0085_id_30027.tif,3816
rgb_n_1177_id_30076.tif,4171
rgb_n_1023_id_30077.tif,7346
rgb_n_0921_id_30075.tif,3249
rgb_n_0170_id_30025.tif,2073
rgb_n_0680_id_30126.tif,4522
rgb_n_0102_id_30027.tif,3816
rgb_n_0647_id_30126.tif,4522
rgb_n_1025_id_30077.tif,7346
rgb_n_1227_id_30075.tif,3249
rgb_n_0194_id_30026.tif,2412
rgb_n_0386_id_30027.tif,3816
rgb_n_0038_id_30025.tif,2073
rgb_n_1189_id_30076.tif,4171
rgb_n_1059_id_30075.tif,3249
rgb_n_0371_id_30027.tif,3816
rgb_n_1269_id_30077.tif,7346
rgb_n_0254_id_30025.tif,2073
rgb_n_0974_id_30076.tif,4171
rgb_n_0865_id_30125.tif,3596
rgb_n_0110_id_30025.tif,2073
rgb_n_1335_id_30075.tif,3249
rgb_n_0073_id_30027.tif,3816
rgb_n_0090_id_30025.tif,2073
rgb_n_0472_id_30126.tif,4522
rgb_n_1204_id_30077.tif,7346
rgb_n_1056_id_30075.tif,3249
rgb_n_1067_id_30075.tif,3249
rgb_n_0747_id_30126.tif,4522
rgb_n_0568_id_30125.tif,3596
rgb_n_0801_id_30126.tif,4522
rgb_n_0120_id_30027.tif,3816
rgb_n_1006_id_30077.tif,7346
rgb_n_0364_id_30026.tif,2412
rgb_n_0584_id_30125.tif,3596
rgb_n_1120_id_30076.tif,4171
rgb_n_0546_id_30126.tif,4522
rgb_n_1203_id_30075.tif,3249
rgb_n_1025_id_30075.tif,3249
rgb_n_0167_id_30025.tif,2073
rgb_n_0627_id_30126.tif,4522
rgb_n_1239_id_30077.tif,7346
rgb_n_0517_id_30126.tif,4522
rgb_n_1315_id_30076.tif,4171
rgb_n_0737_id_30125.tif,3596
rgb_n_0355_id_30027.tif,3816
rgb_n_0895_id_30126.tif,4522
rgb_n_0258_id_30026.tif,2412
rgb_n_0763_id_30126.tif,4522
rgb_n_0650_id_30125.tif,3596
rgb_n_1081_id_30075.tif,3249
rgb_n_0820_id_30126.tif,4522
rgb_n_0296_id_30026.tif,2412
rgb_n_0298_id_30025.tif,2073
rgb_n_0182_id_30026.tif,2412
rgb_n_1108_id_30075.tif,3249
rgb_n_0184_id_30025.tif,2073
rgb_n_1136_id_30075.tif,3249
rgb_n_0136_id_30026.tif,2412
rgb_n_0766_id_30125.tif,3596
rgb_n_0623_id_30125.tif,3596
rgb_n_1045_id_30076.tif,4171
rgb_n_0531_id_30126.tif,4522
rgb_n_0062_id_30025.tif,2073
rgb_n_0090_id_30027.tif,3816
rgb_n_0318_id_30027.tif,3816
rgb_n_0297_id_30026.tif,2412
rgb_n_0245_id_30026.tif,2412
rgb_n_1080_id_30075.tif,3249
rgb_n_1064_id_30076.tif,4171
rgb_n_1092_id_30076.tif,4171
rgb_n_0927_id_30076.tif,4171
rgb_n_1179_id_30077.tif,7346
rgb_n_0340_id_30027.tif,3816
rgb_n_0094_id_30027.tif,3816
rgb_n_0372_id_30025.tif,2073
rgb_n_0220_id_30026.tif,2412
rgb_n_1016_id_30075.tif,3249
rgb_n_0226_id_30026.tif,2412
rgb_n_0216_id_30027.tif,3816
rgb_n_1225_id_30075.tif,3249
rgb_n_1025_id_30076.tif,4171
rgb_n_1202_id_30077.tif,7346
rgb_n_0108_id_30025.tif,2073
rgb_n_0187_id_30025.tif,2073
rgb_n_0056_id_30025.tif,2073
rgb_n_0675_id_30126.tif,4522
rgb_n_1253_id_30076.tif,4171
rgb_n_0962_id_30076.tif,4171
rgb_n_1135_id_30076.tif,4171
rgb_n_0926_id_30077.tif,7346
rgb_n_1275_id_30076.tif,4171
rgb_n_1256_id_30077.tif,7346
rgb_n_0310_id_30027.tif,3816
rgb_n_0302_id_30027.tif,3816
rgb_n_0248_id_30025.tif,2073
rgb_n_1269_id_30075.tif,3249
rgb_n_1129_id_30076.tif,4171
rgb_n_1045_id_30075.tif,3249
rgb_n_1216_id_30075.tif,3249
rgb_n_0162_id_30025.tif,2073
rgb_n_1256_id_30075.tif,3249
rgb_n_1127_id_30076.tif,4171
rgb_n_0038_id_30027.tif,3816
rgb_n_1258_id_30077.tif,7346
rgb_n_0301_id_30025.tif,2073
rgb_n_0481_id_30125.tif,3596
rgb_n_1199_id_30075.tif,3249
rgb_n_1162_id_30075.tif,3249
rgb_n_1172_id_30077.tif,7346
rgb_n_1153_id_30076.tif,4171
rgb_n_0872_id_30125.tif,3596
rgb_n_0200_id_30027.tif,3816
rgb_n_1125_id_30077.tif,7346
rgb_n_0965_id_30076.tif,4171
rgb_n_1147_id_30076.tif,4171
rgb_n_1184_id_30077.tif,7346
rgb_n_0987_id_30077.tif,7346
rgb_n_1114_id_30076.tif,4171
rgb_n_0316_id_30025.tif,2073
rgb_n_0332_id_30025.tif,2073
rgb_n_1099_id_30075.tif,3249
rgb_n_0388_id_30027.tif,3816
rgb_n_1191_id_30077.tif,7346
rgb_n_0270_id_30026.tif,2412
rgb_n_0715_id_30125.tif,3596
rgb_n_0800_id_30126.tif,4522
rgb_n_0347_id_30027.tif,3816
rgb_n_1249_id_30076.tif,4171
rgb_n_0538_id_30126.tif,4522
rgb_n_0051_id_30025.tif,2073
rgb_n_1073_id_30075.tif,3249
rgb_n_0393_id_30025.tif,2073
rgb_n_0962_id_30077.tif,7346
rgb_n_0879_id_30125.tif,3596
rgb_n_0259_id_30027.tif,3816
rgb_n_0360_id_30027.tif,3816
rgb_n_0215_id_30025.tif,2073
rgb_n_0322_id_30026.tif,2412
rgb_n_1235_id_30077.tif,7346
rgb_n_1198_id_30075.tif,3249
rgb_n_0371_id_30025.tif,2073
rgb_n_0251_id_30025.tif,2073
rgb_n_0328_id_30027.tif,3816
rgb_n_1098_id_30077.tif,7346
rgb_n_0042_id_30025.tif,2073
rgb_n_0172_id_30025.tif,2073
rgb_n_1183_id_30075.tif,3249
rgb_n_0651_id_30125.tif,3596
rgb_n_0058_id_30026.tif,2412
rgb_n_1175_id_30075.tif,3249
rgb_n_1056_id_30077.tif,7346
rgb_n_0720_id_30125.tif,3596
rgb_n_1193_id_30077.tif,7346
rgb_n_1091_id_30075.tif,3249
rgb_n_1320_id_30077.tif,7346
rgb_n_0642_id_30125.tif,3596
rgb_n_1338_id_30077.tif,7346
rgb_n_1027_id_30076.tif,4171
rgb_n_1041_id_30077.tif,7346
rgb_n_0313_id_30026.tif,2412
rgb_n_0087_id_30025.tif,2073
rgb_n_1262_id_30075.tif,3249
rgb_n_0755_id_30125.tif,3596
rgb_n_0767_id_30125.tif,3596
rgb_n_0248_id_30026.tif,2412
rgb_n_0724_id_30125.tif,3596
rgb_n_1029_id_30075.tif,3249
rgb_n_0237_id_30025.tif,2073
rgb_n_0077_id_30026.tif,2412
rgb_n_0591_id_30125.tif,3596
rgb_n_0278_id_30025.tif,2073
rgb_n_0548_id_30125.tif,3596
rgb_n_0570_id_30126.tif,4522
rgb_n_0618_id_30126.tif,4522
rgb_n_1070_id_30075.tif,3249
rgb_n_1178_id_30077.tif,7346
rgb_n_1032_id_30077.tif,7346
rgb_n_0366_id_30027.tif,3816
rgb_n_0896_id_30126.tif,4522
rgb_n_1234_id_30075.tif,3249
rgb_n_0471_id_30126.tif,4522
rgb_n_0386_id_30025.tif,2073
rgb_n_1063_id_30076.tif,4171
rgb_n_0929_id_30077.tif,7346
rgb_n_1131_id_30076.tif,4171
rgb_n_0776_id_30126.tif,4522
rgb_n_0679_id_30125.tif,3596
rgb_n_0592_id_30126.tif,4522
rgb_n_0520_id_30125.tif,3596
rgb_n_0378_id_30027.tif,3816
rgb_n_0290_id_30025.tif,2073
rgb_n_0263_id_30027.tif,3816
rgb_n_0130_id_30026.tif,2412
rgb_n_0702_id_30126.tif,4522
rgb_n_0599_id_30125.tif,3596
rgb_n_1128_id_30077.tif,7346
rgb_n_1251_id_30075.tif,3249
rgb_n_0268_id_30026.tif,2412
rgb_n_1152_id_30075.tif,3249
rgb_n_0893_id_30125.tif,3596
rgb_n_0142_id_30027.tif,3816
rgb_n_0332_id_30027.tif,3816
rgb_n_0644_id_30125.tif,3596
rgb_n_1079_id_30075.tif,3249
rgb_n_0136_id_30025.tif,2073
rgb_n_1031_id_30077.tif,7346
rgb_n_0279_id_30027.tif,3816
rgb_n_0232_id_30026.tif,2412
rgb_n_0218_id_30026.tif,2412
rgb_n_0663_id_30126.tif,4522
rgb_n_1083_id_30077.tif,7346
rgb_n_0219_id_30025.tif,2073
rgb_n_0346_id_30025.tif,2073
rgb_n_1059_id_30077.tif,7346
rgb_n_0212_id_30027.tif,3816
rgb_n_0181_id_30025.tif,2073
rgb_n_0810_id_30125.tif,3596
rgb_n_0181_id_30026.tif,2412
rgb_n_1279_id_30076.tif,4171
rgb_n_0364_id_30027.tif,3816
rgb_n_0794_id_30126.tif,4522
rgb_n_0155_id_30025.tif,2073
rgb_n_0166_id_30025.tif,2073
rgb_n_1035_id_30076.tif,4171
rgb_n_0639_id_30125.tif,3596
rgb_n_0480_id_30126.tif,4522
rgb_n_0666_id_30126.tif,4522
rgb_n_1103_id_30076.tif,4171
rgb_n_0922_id_30076.tif,4171
rgb_n_0581_id_30125.tif,3596
rgb_n_0092_id_30026.tif,2412
rgb_n_0545_id_30126.tif,4522
rgb_n_0687_id_30125.tif,3596
rgb_n_0686_id_30126.tif,4522
rgb_n_0530_id_30126.tif,4522
rgb_n_0718_id_30126.tif,4522
rgb_n_0089_id_30027.tif,3816
rgb_n_0729_id_30125.tif,3596
rgb_n_0313_id_30025.tif,2073
rgb_n_0569_id_30125.tif,3596
rgb_n_0276_id_30026.tif,2412
rgb_n_0775_id_30125.tif,3596
rgb_n_1185_id_30075.tif,3249
rgb_n_1166_id_30077.tif,7346
rgb_n_1073_id_30077.tif,7346
rgb_n_0089_id_30025.tif,2073
rgb_n_0676_id_30126.tif,4522
rgb_n_1019_id_30076.tif,4171
rgb_n_0823_id_30126.tif,4522
rgb_n_0142_id_30025.tif,2073
rgb_n_0122_id_30025.tif,2073
rgb_n_1109_id_30075.tif,3249
rgb_n_0811_id_30125.tif,3596
rgb_n_0260_id_30025.tif,2073
rgb_n_0396_id_30025.tif,2073
rgb_n_0302_id_30026.tif,2412
rgb_n_0391_id_30025.tif,2073
rgb_n_0382_id_30027.tif,3816
rgb_n_1188_id_30076.tif,4171
rgb_n_0734_id_30126.tif,4522
rgb_n_0799_id_30125.tif,3596
rgb_n_1214_id_30076.tif,4171
rgb_n_0037_id_30027.tif,3816
rgb_n_1250_id_30075.tif,3249
rgb_n_1281_id_30076.tif,4171
rgb_n_1176_id_30076.tif,4171
rgb_n_0364_id_30025.tif,2073
rgb_n_0243_id_30025.tif,2073
rgb_n_1123_id_30076.tif,4171
rgb_n_0137_id_30026.tif,2412
rgb_n_0281_id_30025.tif,2073
rgb_n_0342_id_30027.tif,3816
rgb_n_0378_id_30026.tif,2412
rgb_n_0126_id_30026.tif,2412
rgb_n_1247_id_30076.tif,4171
rgb_n_0168_id_30026.tif,2412
rgb_n_1169_id_30076.tif,4171
rgb_n_0894_id_30126.tif,4522
rgb_n_1161_id_30075.tif,3249
rgb_n_0125_id_30025.tif,2073
rgb_n_0267_id_30027.tif,3816
rgb_n_1160_id_30075.tif,3249
rgb_n_1093_id_30076.tif,4171
rgb_n_0391_id_30027.tif,3816
rgb_n_1204_id_30076.tif,4171
rgb_n_0310_id_30026.tif,2412
rgb_n_0293_id_30026.tif,2412
rgb_n_1172_id_30076.tif,4171
rgb_n_1239_id_30075.tif,3249
rgb_n_0613_id_30126.tif,4522
rgb_n_1154_id_30076.tif,4171
rgb_n_1329_id_30077.tif,7346
rgb_n_0168_id_30025.tif,2073
rgb_n_0926_id_30076.tif,4171
rgb_n_0769_id_30125.tif,3596
rgb_n_1183_id_30076.tif,4171
rgb_n_0609_id_30126.tif,4522
rgb_n_1076_id_30076.tif,4171
rgb_n_1207_id_30077.tif,7346
rgb_n_1086_id_30077.tif,7346
rgb_n_1106_id_30077.tif,7346
rgb_n_0744_id_30125.tif,3596
rgb_n_0138_id_30027.tif,3816
rgb_n_0246_id_30025.tif,2073
rgb_n_0204_id_30025.tif,2073
rgb_n_0286_id_30026.tif,2412
rgb_n_0979_id_30075.tif,3249
rgb_n_1161_id_30076.tif,4171
rgb_n_1010_id_30076.tif,4171
rgb_n_1335_id_30077.tif,7346
rgb_n_0066_id_30025.tif,2073
rgb_n_0055_id_30025.tif,2073
rgb_n_0548_id_30126.tif,4522
rgb_n_0131_id_30025.tif,2073
rgb_n_0197_id_30027.tif,3816
rgb_n_0997_id_30077.tif,7346
rgb_n_0916_id_30077.tif,7346
rgb_n_1088_id_30076.tif,4171
rgb_n_1171_id_30077.tif,7346
rgb_n_0105_id_30026.tif,2412
rgb_n_0670_id_30126.tif,4522
rgb_n_0141_id_30025.tif,2073
rgb_n_1200_id_30077.tif,7346
rgb_n_1040_id_30075.tif,3249
rgb_n_1267_id_30077.tif,7346
rgb_n_1042_id_30076.tif,4171
rgb_n_0683_id_30125.tif,3596
rgb_n_0667_id_30126.tif,4522
rgb_n_0198_id_30027.tif,3816
rgb_n_1239_id_30076.tif,4171
rgb_n_1088_id_30075.tif,3249
rgb_n_0099_id_30027.tif,3816
rgb_n_0985_id_30076.tif,4171
rgb_n_1248_id_30075.tif,3249
rgb_n_1259_id_30076.tif,4171
rgb_n_1024_id_30075.tif,3249
rgb_n_0039_id_30025.tif,2073
rgb_n_0603_id_30125.tif,3596
rgb_n_0786_id_30125.tif,3596
rgb_n_0089_id_30026.tif,2412
rgb_n_1344_id_30075.tif,3249
rgb_n_0247_id_30025.tif,2073
rgb_n_1342_id_30076.tif,4171
rgb_n_0053_id_30026.tif,2412
rgb_n_0874_id_30125.tif,3596
rgb_n_0608_id_30125.tif,3596
rgb_n_1227_id_30076.tif,4171
rgb_n_0178_id_30027.tif,3816
rgb_n_0883_id_30125.tif,3596
rgb_n_0561_id_30125.tif,3596
rgb_n_0282_id_30025.tif,2073
rgb_n_0169_id_30027.tif,3816
rgb_n_0865_id_30126.tif,4522
rgb_n_1034_id_30076.tif,4171
rgb_n_0665_id_30126.tif,4522
rgb_n_1178_id_30075.tif,3249
rgb_n_1035_id_30075.tif,3249
rgb_n_0830_id_30126.tif,4522
rgb_n_1115_id_30075.tif,3249
rgb_n_0291_id_30026.tif,2412
rgb_n_1259_id_30077.tif,7346
rgb_n_0094_id_30026.tif,2412
rgb_n_0002_id_35.tif,1981
rgb_n_1255_id_30075.tif,3249
rgb_n_0147_id_30027.tif,3816
rgb_n_0139_id_30027.tif,3816
rgb_n_1341_id_30076.tif,4171
rgb_n_0800_id_30125.tif,3596
rgb_n_1273_id_30076.tif,4171
rgb_n_0818_id_30125.tif,3596
rgb_n_1193_id_30075.tif,3249
rgb_n_0833_id_30125.tif,3596
rgb_n_1205_id_30075.tif,3249
rgb_n_0329_id_30027.tif,3816
rgb_n_0166_id_30026.tif,2412
rgb_n_0299_id_30025.tif,2073
rgb_n_0086_id_30026.tif,2412
rgb_n_0227_id_30027.tif,3816
rgb_n_0219_id_30026.tif,2412
rgb_n_0920_id_30077.tif,7346
rgb_n_0555_id_30125.tif,3596
rgb_n_0001_id_37.tif,2499
rgb_n_0312_id_30025.tif,2073
rgb_n_1027_id_30075.tif,3249
rgb_n_0132_id_30026.tif,2412
rgb_n_0388_id_30025.tif,2073
rgb_n_0736_id_30125.tif,3596
rgb_n_0563_id_30126.tif,4522
rgb_n_0317_id_30027.tif,3816
rgb_n_0342_id_30025.tif,2073
rgb_n_1156_id_30077.tif,7346
rgb_n_0105_id_30027.tif,3816
rgb_n_0676_id_30125.tif,3596
rgb_n_1237_id_30077.tif,7346
rgb_n_0284_id_30025.tif,2073
rgb_n_1192_id_30077.tif,7346
rgb_n_0519_id_30126.tif,4522
rgb_n_0155_id_30026.tif,2412
rgb_n_0251_id_30026.tif,2412
rgb_n_0254_id_30026.tif,2412
rgb_n_0229_id_30025.tif,2073
rgb_n_0597_id_30125.tif,3596
rgb_n_1226_id_30077.tif,7346
rgb_n_0381_id_30027.tif,3816
rgb_n_1253_id_30077.tif,7346
rgb_n_0123_id_30027.tif,3816
rgb_n_0706_id_30125.tif,3596
rgb_n_0171_id_30026.tif,2412
rgb_n_1236_id_30077.tif,7346
rgb_n_0981_id_30075.tif,3249
rgb_n_0741_id_30125.tif,3596
rgb_n_0050_id_30025.tif,2073
rgb_n_1216_id_30077.tif,7346
rgb_n_1008_id_30077.tif,7346
rgb_n_0153_id_30027.tif,3816
rgb_n_0132_id_30025.tif,2073
rgb_n_0739_id_30125.tif,3596
rgb_n_0565_id_30125.tif,3596
rgb_n_1264_id_30075.tif,3249
rgb_n_0395_id_30027.tif,3816
rgb_n_0381_id_30026.tif,2412
rgb_n_0195_id_30025.tif,2073
rgb_n_1241_id_30077.tif,7346
rgb_n_0784_id_30125.tif,3596
rgb_n_1047_id_30077.tif,7346
rgb_n_1252_id_30076.tif,4171
rgb_n_0104_id_30027.tif,3816
rgb_n_0914_id_30077.tif,7346
rgb_n_1267_id_30076.tif,4171
rgb_n_1272_id_30076.tif,4171
rgb_n_1026_id_30075.tif,3249
rgb_n_1328_id_30077.tif,7346
rgb_n_0552_id_30126.tif,4522
rgb_n_1095_id_30075.tif,3249
rgb_n_0099_id_30026.tif,2412
rgb_n_1210_id_30075.tif,3249
rgb_n_1121_id_30075.tif,3249
rgb_n_0535_id_30126.tif,4522
rgb_n_0263_id_30025.tif,2073
rgb_n_1262_id_30076.tif,4171
rgb_n_0928_id_30076.tif,4171
rgb_n_0308_id_30027.tif,3816
rgb_n_0552_id_30125.tif,3596
rgb_n_1274_id_30076.tif,4171
rgb_n_0389_id_30025.tif,2073
rgb_n_0570_id_30125.tif,3596
rgb_n_0826_id_30126.tif,4522
rgb_n_1159_id_30077.tif,7346
rgb_n_0344_id_30026.tif,2412
rgb_n_1072_id_30075.tif,3249
rgb_n_0361_id_30027.tif,3816
rgb_n_1018_id_30076.tif,4171
rgb_n_0001_id_36.tif,2640
rgb_n_0139_id_30025.tif,2073
rgb_n_1000_id_30076.tif,4171
rgb_n_0329_id_30025.tif,2073
rgb_n_0244_id_30025.tif,2073
rgb_n_0060_id_30026.tif,2412
rgb_n_0622_id_30126.tif,4522
rgb_n_0266_id_30027.tif,3816
rgb_n_0738_id_30126.tif,4522
rgb_n_0760_id_30125.tif,3596
rgb_n_1189_id_30077.tif,7346
rgb_n_1102_id_30075.tif,3249
rgb_n_0990_id_30076.tif,4171
rgb_n_1120_id_30077.tif,7346
rgb_n_0226_id_30025.tif,2073
rgb_n_1048_id_30077.tif,7346
rgb_n_1076_id_30075.tif,3249
rgb_n_0071_id_30025.tif,2073
rgb_n_0680_id_30125.tif,3596
rgb_n_1105_id_30076.tif,4171
rgb_n_1328_id_30076.tif,4171
rgb_n_0974_id_30077.tif,7346
rgb_n_0682_id_30126.tif,4522
rgb_n_1102_id_30076.tif,4171
rgb_n_0666_id_30125.tif,3596
rgb_n_1059_id_30076.tif,4171
rgb_n_0158_id_30027.tif,3816
rgb_n_0131_id_30027.tif,3816
rgb_n_1268_id_30077.tif,7346
rgb_n_0474_id_30126.tif,4522
rgb_n_1050_id_30077.tif,7346
rgb_n_1140_id_30077.tif,7346
rgb_n_0040_id_30025.tif,2073
rgb_n_1177_id_30077.tif,7346
rgb_n_0188_id_30025.tif,2073
rgb_n_0290_id_30026.tif,2412
rgb_n_0306_id_30027.tif,3816
rgb_n_0514_id_30126.tif,4522
rgb_n_0683_id_30126.tif,4522
rgb_n_0772_id_30126.tif,4522
rgb_n_0179_id_30025.tif,2073
rgb_n_0070_id_30025.tif,2073
rgb_n_0300_id_30025.tif,2073
rgb_n_1208_id_30076.tif,4171
rgb_n_1325_id_30076.tif,4171
rgb_n_1087_id_30075.tif,3249
rgb_n_1172_id_30075.tif,3249
rgb_n_0356_id_30027.tif,3816
rgb_n_0156_id_30027.tif,3816
rgb_n_0106_id_30027.tif,3816
rgb_n_0475_id_30125.tif,3596
rgb_n_0101_id_30026.tif,2412
rgb_n_0719_id_30125.tif,3596
rgb_n_1022_id_30076.tif,4171
rgb_n_0824_id_30125.tif,3596
rgb_n_1092_id_30077.tif,7346
rgb_n_1246_id_30076.tif,4171
rgb_n_0984_id_30077.tif,7346
rgb_n_0251_id_30027.tif,3816
rgb_n_1131_id_30077.tif,7346
rgb_n_1231_id_30076.tif,4171
rgb_n_0151_id_30026.tif,2412
rgb_n_0690_id_30125.tif,3596
rgb_n_1067_id_30076.tif,4171
rgb_n_1143_id_30076.tif,4171
rgb_n_1275_id_30075.tif,3249
rgb_n_0397_id_30025.tif,2073
rgb_n_1179_id_30075.tif,3249
rgb_n_1125_id_30075.tif,3249
rgb_n_0967_id_30076.tif,4171
rgb_n_0055_id_30027.tif,3816
rgb_n_0478_id_30125.tif,3596
rgb_n_1096_id_30075.tif,3249
rgb_n_1106_id_30075.tif,3249
rgb_n_0058_id_30027.tif,3816
rgb_n_0325_id_30027.tif,3816
rgb_n_1141_id_30075.tif,3249
rgb_n_0468_id_30125.tif,3596
rgb_n_0867_id_30125.tif,3596
rgb_n_0735_id_30126.tif,4522
rgb_n_1169_id_30077.tif,7346
rgb_n_0398_id_30027.tif,3816
rgb_n_0564_id_30125.tif,3596
rgb_n_0642_id_30126.tif,4522
rgb_n_0606_id_30125.tif,3596
rgb_n_1187_id_30077.tif,7346
rgb_n_0183_id_30027.tif,3816
rgb_n_0150_id_30026.tif,2412
rgb_n_0174_id_30025.tif,2073
rgb_n_0395_id_30025.tif,2073
rgb_n_0265_id_30025.tif,2073
rgb_n_0654_id_30126.tif,4522
rgb_n_1065_id_30076.tif,4171
rgb_n_0374_id_30025.tif,2073
rgb_n_0777_id_30126.tif,4522
rgb_n_0349_id_30026.tif,2412
rgb_n_1093_id_30075.tif,3249
rgb_n_0068_id_30027.tif,3816
rgb_n_1115_id_30076.tif,4171
rgb_n_1160_id_30076.tif,4171
rgb_n_0674_id_30125.tif,3596
rgb_n_0880_id_30125.tif,3596
rgb_n_0874_id_30126.tif,4522
rgb_n_1140_id_30075.tif,3249
rgb_n_1017_id_30077.tif,7346
rgb_n_0236_id_30025.tif,2073
rgb_n_0826_id_30125.tif,3596
rgb_n_0723_id_30125.tif,3596
rgb_n_0795_id_30125.tif,3596
rgb_n_0057_id_30027.tif,3816
rgb_n_0601_id_30126.tif,4522
rgb_n_1082_id_30076.tif,4171
rgb_n_0333_id_30027.tif,3816
rgb_n_0879_id_30126.tif,4522
rgb_n_0673_id_30125.tif,3596
rgb_n_0877_id_30126.tif,4522
rgb_n_1167_id_30075.tif,3249
rgb_n_0542_id_30125.tif,3596
rgb_n_0354_id_30025.tif,2073
rgb_n_1012_id_30076.tif,4171
rgb_n_0580_id_30125.tif,3596
rgb_n_1119_id_30077.tif,7346
rgb_n_1017_id_30075.tif,3249
rgb_n_1194_id_30075.tif,3249
rgb_n_1250_id_30077.tif,7346
rgb_n_0036_id_30026.tif,2412
rgb_n_0314_id_30025.tif,2073
rgb_n_0151_id_30025.tif,2073
rgb_n_0171_id_30027.tif,3816
rgb_n_0997_id_30076.tif,4171
rgb_n_1047_id_30075.tif,3249
rgb_n_0266_id_30025.tif,2073
rgb_n_0467_id_30125.tif,3596
rgb_n_0895_id_30125.tif,3596
rgb_n_0169_id_30026.tif,2412
rgb_n_0001_id_31.tif,2359
rgb_n_0187_id_30026.tif,2412
rgb_n_0916_id_30076.tif,4171
rgb_n_0363_id_30026.tif,2412
rgb_n_0163_id_30025.tif,2073
rgb_n_1191_id_30076.tif,4171
rgb_n_1331_id_30076.tif,4171
rgb_n_1186_id_30076.tif,4171
rgb_n_1123_id_30077.tif,7346
rgb_n_0373_id_30026.tif,2412
rgb_n_1096_id_30077.tif,7346
rgb_n_1074_id_30077.tif,7346
rgb_n_1029_id_30077.tif,7346
rgb_n_1264_id_30077.tif,7346
rgb_n_0761_id_30125.tif,3596
rgb_n_0318_id_30026.tif,2412
rgb_n_0365_id_30026.tif,2412
rgb_n_0530_id_30125.tif,3596
rgb_n_0757_id_30125.tif,3596
rgb_n_0115_id_30027.tif,3816
rgb_n_1160_id_30077.tif,7346
rgb_n_1271_id_30077.tif,7346
rgb_n_0776_id_30125.tif,3596
rgb_n_1326_id_30076.tif,4171
rgb_n_0346_id_30026.tif,2412
rgb_n_1035_id_30077.tif,7346
rgb_n_0398_id_30025.tif,2073
rgb_n_0539_id_30125.tif,3596
rgb_n_1011_id_30076.tif,4171
rgb_n_1002_id_30077.tif,7346
rgb_n_0382_id_30025.tif,2073
rgb_n_0725_id_30125.tif,3596
rgb_n_0649_id_30126.tif,4522
rgb_n_0993_id_30076.tif,4171
rgb_n_1162_id_30077.tif,7346
rgb_n_0157_id_30026.tif,2412
rgb_n_1003_id_30075.tif,3249
rgb_n_1182_id_30076.tif,4171
rgb_n_0222_id_30025.tif,2073
rgb_n_0560_id_30125.tif,3596
rgb_n_1156_id_30076.tif,4171
rgb_n_0549_id_30126.tif,4522
rgb_n_0558_id_30126.tif,4522
rgb_n_0362_id_30026.tif,2412
rgb_n_0767_id_30126.tif,4522
rgb_n_0986_id_30075.tif,3249
rgb_n_0183_id_30026.tif,2412
rgb_n_1278_id_30076.tif,4171
rgb_n_0278_id_30026.tif,2412
rgb_n_0996_id_30076.tif,4171
rgb_n_0214_id_30027.tif,3816
rgb_n_0355_id_30025.tif,2073
rgb_n_0068_id_30025.tif,2073
rgb_n_1033_id_30075.tif,3249
rgb_n_0543_id_30125.tif,3596
rgb_n_0760_id_30126.tif,4522
rgb_n_0923_id_30076.tif,4171
rgb_n_1134_id_30077.tif,7346
rgb_n_0083_id_30026.tif,2412
rgb_n_0731_id_30125.tif,3596
rgb_n_0564_id_30126.tif,4522
rgb_n_1337_id_30076.tif,4171
rgb_n_0543_id_30126.tif,4522
rgb_n_0545_id_30125.tif,3596
rgb_n_0075_id_30027.tif,3816
rgb_n_1265_id_30075.tif,3249
rgb_n_1221_id_30077.tif,7346
rgb_n_0681_id_30125.tif,3596
rgb_n_0607_id_30125.tif,3596
rgb_n_1267_id_30075.tif,3249
rgb_n_0995_id_30075.tif,3249
rgb_n_1157_id_30075.tif,3249
rgb_n_1113_id_30076.tif,4171
rgb_n_0203_id_30026.tif,2412
rgb_n_0750_id_30125.tif,3596
rgb_n_0074_id_30026.tif,2412
rgb_n_0125_id_30026.tif,2412
rgb_n_1211_id_30075.tif,3249
rgb_n_0532_id_30125.tif,3596
rgb_n_1010_id_30077.tif,7346
rgb_n_1242_id_30076.tif,4171
rgb_n_1338_id_30076.tif,4171
rgb_n_0092_id_30027.tif,3816
rgb_n_1209_id_30075.tif,3249
rgb_n_0791_id_30125.tif,3596
rgb_n_1144_id_30077.tif,7346
rgb_n_0377_id_30026.tif,2412
rgb_n_0985_id_30077.tif,7346
rgb_n_1088_id_30077.tif,7346
rgb_n_0743_id_30125.tif,3596
rgb_n_0252_id_30025.tif,2073
rgb_n_1192_id_30076.tif,4171
rgb_n_0802_id_30125.tif,3596
rgb_n_0995_id_30077.tif,7346
rgb_n_0887_id_30126.tif,4522
rgb_n_0071_id_30027.tif,3816
rgb_n_1067_id_30077.tif,7346
rgb_n_1318_id_30076.tif,4171
rgb_n_1118_id_30076.tif,4171
rgb_n_1060_id_30077.tif,7346
rgb_n_0533_id_30125.tif,3596
rgb_n_1114_id_30075.tif,3249
rgb_n_1278_id_30077.tif,7346
rgb_n_0975_id_30077.tif,7346
rgb_n_0971_id_30077.tif,7346
rgb_n_0830_id_30125.tif,3596
rgb_n_1070_id_30077.tif,7346
rgb_n_1236_id_30076.tif,4171
rgb_n_0195_id_30026.tif,2412
rgb_n_0133_id_30027.tif,3816
rgb_n_0833_id_30126.tif,4522
rgb_n_1145_id_30075.tif,3249
rgb_n_0868_id_30125.tif,3596
rgb_n_0230_id_30027.tif,3816
rgb_n_0044_id_30027.tif,3816
rgb_n_0533_id_30126.tif,4522
rgb_n_0262_id_30026.tif,2412
rgb_n_1322_id_30077.tif,7346
rgb_n_1111_id_30075.tif,3249
rgb_n_0324_id_30026.tif,2412
rgb_n_0594_id_30126.tif,4522
rgb_n_1112_id_30076.tif,4171
rgb_n_1093_id_30077.tif,7346
rgb_n_1199_id_30076.tif,4171
rgb_n_1321_id_30075.tif,3249
rgb_n_0061_id_30026.tif,2412
rgb_n_0345_id_30025.tif,2073
rgb_n_1125_id_30076.tif,4171
rgb_n_1032_id_30076.tif,4171
rgb_n_0163_id_30026.tif,2412
rgb_n_0230_id_30026.tif,2412
rgb_n_0150_id_30027.tif,3816
rgb_n_0205_id_30026.tif,2412
rgb_n_0373_id_30025.tif,2073
rgb_n_0761_id_30126.tif,4522
rgb_n_0211_id_30026.tif,2412
rgb_n_1092_id_30075.tif,3249
rgb_n_0268_id_30025.tif,2073
rgb_n_1343_id_30077.tif,7346
rgb_n_0342_id_30026.tif,2412
rgb_n_0629_id_30125.tif,3596
rgb_n_0323_id_30026.tif,2412
rgb_n_1103_id_30077.tif,7346
rgb_n_1266_id_30076.tif,4171
rgb_n_0210_id_30026.tif,2412
rgb_n_0116_id_30025.tif,2073
rgb_n_0672_id_30125.tif,3596
rgb_n_1230_id_30076.tif,4171
rgb_n_0227_id_30026.tif,2412
rgb_n_0135_id_30025.tif,2073
rgb_n_0348_id_30025.tif,2073
rgb_n_0747_id_30125.tif,3596
rgb_n_0471_id_30125.tif,3596
rgb_n_0397_id_30027.tif,3816
rgb_n_0389_id_30027.tif,3816
rgb_n_1253_id_30075.tif,3249
rgb_n_1064_id_30077.tif,7346
rgb_n_0354_id_30027.tif,3816
rgb_n_0393_id_30027.tif,3816
rgb_n_1124_id_30077.tif,7346
rgb_n_0188_id_30026.tif,2412
rgb_n_1072_id_30077.tif,7346
rgb_n_0172_id_30027.tif,3816
rgb_n_0326_id_30026.tif,2412
rgb_n_1061_id_30075.tif,3249
rgb_n_1155_id_30076.tif,4171
rgb_n_1023_id_30075.tif,3249
rgb_n_0034_id_30026.tif,2412
rgb_n_1255_id_30077.tif,7346
rgb_n_0769_id_30126.tif,4522
rgb_n_1219_id_30076.tif,4171
rgb_n_0735_id_30125.tif,3596
rgb_n_0124_id_30025.tif,2073
rgb_n_1108_id_30076.tif,4171
rgb_n_0088_id_30025.tif,2073
rgb_n_0650_id_30126.tif,4522
rgb_n_0001_id_39.tif,2721
rgb_n_0157_id_30025.tif,2073
rgb_n_0825_id_30126.tif,4522
rgb_n_0035_id_30025.tif,2073
rgb_n_1143_id_30075.tif,3249
rgb_n_0185_id_30026.tif,2412
rgb_n_0568_id_30126.tif,4522
rgb_n_0699_id_30125.tif,3596
rgb_n_0260_id_30027.tif,3816
rgb_n_0297_id_30027.tif,3816
rgb_n_0981_id_30076.tif,4171
rgb_n_0466_id_30125.tif,3596
rgb_n_0330_id_30026.tif,2412
rgb_n_1221_id_30076.tif,4171
rgb_n_1039_id_30077.tif,7346
rgb_n_0618_id_30125.tif,3596
rgb_n_0282_id_30026.tif,2412
rgb_n_0773_id_30126.tif,4522
rgb_n_0914_id_30075.tif,3249
rgb_n_0210_id_30025.tif,2073
rgb_n_0520_id_30126.tif,4522
rgb_n_1081_id_30076.tif,4171
rgb_n_1058_id_30076.tif,4171
rgb_n_0657_id_30125.tif,3596
rgb_n_0674_id_30126.tif,4522
rgb_n_0816_id_30126.tif,4522
rgb_n_0349_id_30027.tif,3816
rgb_n_1249_id_30077.tif,7346
rgb_n_0816_id_30125.tif,3596
rgb_n_0060_id_30025.tif,2073
rgb_n_0590_id_30125.tif,3596
rgb_n_0811_id_30126.tif,4522
rgb_n_0358_id_30027.tif,3816
rgb_n_0245_id_30027.tif,3816
rgb_n_0154_id_30025.tif,2073
rgb_n_0793_id_30126.tif,4522
rgb_n_0999_id_30076.tif,4171
rgb_n_1072_id_30076.tif,4171
rgb_n_0788_id_30126.tif,4522
rgb_n_0347_id_30026.tif,2412
rgb_n_1086_id_30076.tif,4171
rgb_n_0893_id_30126.tif,4522
rgb_n_0544_id_30126.tif,4522
rgb_n_0877_id_30125.tif,3596
rgb_n_0356_id_30026.tif,2412
rgb_n_1009_id_30075.tif,3249
rgb_n_0181_id_30027.tif,3816
rgb_n_0569_id_30126.tif,4522
rgb_n_1343_id_30075.tif,3249
rgb_n_0651_id_30126.tif,4522
rgb_n_0233_id_30027.tif,3816
rgb_n_0658_id_30125.tif,3596
rgb_n_1104_id_30075.tif,3249
rgb_n_0611_id_30126.tif,4522
rgb_n_1111_id_30077.tif,7346
rgb_n_0228_id_30026.tif,2412
rgb_n_0631_id_30126.tif,4522
rgb_n_0333_id_30025.tif,2073
rgb_n_0178_id_30026.tif,2412
rgb_n_1195_id_30075.tif,3249
rgb_n_0002_id_32.tif,2209
rgb_n_0234_id_30025.tif,2073
rgb_n_1089_id_30077.tif,7346
rgb_n_0232_id_30025.tif,2073
rgb_n_0538_id_30125.tif,3596
rgb_n_1185_id_30076.tif,4171
rgb_n_0252_id_30027.tif,3816
rgb_n_0043_id_30025.tif,2073
rgb_n_1137_id_30075.tif,3249
rgb_n_0346_id_30027.tif,3816
rgb_n_0338_id_30025.tif,2073
rgb_n_0600_id_30125.tif,3596
rgb_n_0718_id_30125.tif,3596
rgb_n_1338_id_30075.tif,3249
rgb_n_0374_id_30026.tif,2412
rgb_n_0559_id_30126.tif,4522
rgb_n_1193_id_30076.tif,4171
rgb_n_0579_id_30125.tif,3596
rgb_n_0299_id_30026.tif,2412
rgb_n_0244_id_30027.tif,3816
rgb_n_0890_id_30126.tif,4522
rgb_n_0721_id_30125.tif,3596
rgb_n_0307_id_30027.tif,3816
rgb_n_0616_id_30126.tif,4522
rgb_n_1157_id_30076.tif,4171
rgb_n_0040_id_30026.tif,2412
rgb_n_0632_id_30126.tif,4522
rgb_n_1215_id_30076.tif,4171
rgb_n_0148_id_30027.tif,3816
rgb_n_0281_id_30026.tif,2412
rgb_n_0990_id_30077.tif,7346
rgb_n_1017_id_30076.tif,4171
rgb_n_1258_id_30075.tif,3249
rgb_n_0039_id_30027.tif,3816
rgb_n_0324_id_30025.tif,2073
rgb_n_1175_id_30077.tif,7346
rgb_n_1326_id_30077.tif,7346
rgb_n_0645_id_30126.tif,4522
rgb_n_0635_id_30125.tif,3596
rgb_n_0134_id_30027.tif,3816
rgb_n_1095_id_30076.tif,4171
rgb_n_0168_id_30027.tif,3816
rgb_n_1120_id_30075.tif,3249
rgb_n_0713_id_30126.tif,4522
rgb_n_1331_id_30077.tif,7346
rgb_n_0996_id_30075.tif,3249
rgb_n_0729_id_30126.tif,4522
rgb_n_0968_id_30075.tif,3249
rgb_n_1057_id_30076.tif,4171
rgb_n_0350_id_30027.tif,3816
rgb_n_0302_id_30025.tif,2073
rgb_n_1173_id_30077.tif,7346
rgb_n_0180_id_30025.tif,2073
rgb_n_1063_id_30075.tif,3249
rgb_n_0917_id_30077.tif,7346
rgb_n_0713_id_30125.tif,3596
rgb_n_0252_id_30026.tif,2412
rgb_n_0050_id_30027.tif,3816
rgb_n_0091_id_30027.tif,3816
rgb_n_0627_id_30125.tif,3596
rgb_n_0201_id_30026.tif,2412
rgb_n_0092_id_30025.tif,2073
rgb_n_0919_id_30076.tif,4171
rgb_n_1003_id_30076.tif,4171
rgb_n_0821_id_30125.tif,3596
rgb_n_0377_id_30027.tif,3816
rgb_n_0083_id_30025.tif,2073
rgb_n_0823_id_30125.tif,3596
rgb_n_1278_id_30075.tif,3249
rgb_n_0704_id_30126.tif,4522
rgb_n_0242_id_30026.tif,2412
rgb_n_0091_id_30026.tif,2412
rgb_n_1271_id_30076.tif,4171
rgb_n_0560_id_30126.tif,4522
rgb_n_0152_id_30026.tif,2412
rgb_n_0969_id_30075.tif,3249
rgb_n_0245_id_30025.tif,2073
rgb_n_0076_id_30025.tif,2073
rgb_n_0073_id_30026.tif,2412
rgb_n_0921_id_30077.tif,7346
rgb_n_0817_id_30125.tif,3596
rgb_n_1332_id_30076.tif,4171
rgb_n_0881_id_30126.tif,4522
rgb_n_1266_id_30075.tif,3249
rgb_n_1012_id_30077.tif,7346
rgb_n_1183_id_30077.tif,7346
rgb_n_1167_id_30076.tif,4171
rgb_n_1336_id_30077.tif,7346
rgb_n_1321_id_30077.tif,7346
rgb_n_0715_id_30126.tif,4522
rgb_n_0235_id_30026.tif,2412
rgb_n_1057_id_30075.tif,3249
rgb_n_1103_id_30075.tif,3249
rgb_n_1188_id_30075.tif,3249
rgb_n_1216_id_30076.tif,4171
rgb_n_0002_id_38.tif,2021
rgb_n_1182_id_30075.tif,3249
rgb_n_1201_id_30075.tif,3249
rgb_n_0309_id_30027.tif,3816
rgb_n_0536_id_30125.tif,3596
rgb_n_0002_id_34.tif,2910
rgb_n_0888_id_30126.tif,4522
rgb_n_0169_id_30025.tif,2073
rgb_n_0325_id_30025.tif,2073
rgb_n_1151_id_30075.tif,3249
rgb_n_0084_id_30026.tif,2412
rgb_n_0689_id_30125.tif,3596
rgb_n_0744_id_30126.tif,4522
rgb_n_1224_id_30076.tif,4171
rgb_n_0656_id_30125.tif,3596
rgb_n_0189_id_30025.tif,2073
rgb_n_0634_id_30126.tif,4522
rgb_n_0034_id_30027.tif,3816
rgb_n_0103_id_30025.tif,2073
rgb_n_0343_id_30027.tif,3816
rgb_n_0116_id_30026.tif,2412
rgb_n_0201_id_30027.tif,3816
rgb_n_0517_id_30125.tif,3596
rgb_n_1033_id_30076.tif,4171
rgb_n_0341_id_30027.tif,3816
rgb_n_0382_id_30026.tif,2412
rgb_n_0578_id_30125.tif,3596
rgb_n_0262_id_30027.tif,3816
rgb_n_1018_id_30075.tif,3249
rgb_n_0478_id_30126.tif,4522
rgb_n_0565_id_30126.tif,4522
rgb_n_1079_id_30076.tif,4171
rgb_n_0140_id_30025.tif,2073
rgb_n_0054_id_30027.tif,3816
rgb_n_1237_id_30076.tif,4171
rgb_n_0189_id_30027.tif,3816
rgb_n_0277_id_30027.tif,3816
rgb_n_1077_id_30075.tif,3249
rgb_n_1171_id_30076.tif,4171
rgb_n_0315_id_30025.tif,2073
rgb_n_0372_id_30027.tif,3816
rgb_n_1018_id_30077.tif,7346
rgb_n_1240_id_30075.tif,3249
rgb_n_0722_id_30125.tif,3596
rgb_n_0118_id_30027.tif,3816
rgb_n_0574_id_30126.tif,4522
rgb_n_1319_id_30077.tif,7346
rgb_n_0915_id_30076.tif,4171
rgb_n_0561_id_30126.tif,4522
rgb_n_0261_id_30025.tif,2073
rgb_n_0259_id_30025.tif,2073
rgb_n_0757_id_30126.tif,4522
rgb_n_0585_id_30125.tif,3596
rgb_n_0601_id_30125.tif,3596
rgb_n_0218_id_30025.tif,2073
rgb_n_0789_id_30125.tif,3596
rgb_n_1019_id_30075.tif,3249
rgb_n_0203_id_30025.tif,2073
rgb_n_0734_id_30125.tif,3596
rgb_n_1279_id_30077.tif,7346
rgb_n_0190_id_30025.tif,2073
rgb_n_0328_id_30026.tif,2412
rgb_n_1248_id_30076.tif,4171
rgb_n_0109_id_30025.tif,2073
rgb_n_0132_id_30027.tif,3816
rgb_n_0173_id_30026.tif,2412
rgb_n_0236_id_30026.tif,2412
rgb_n_0332_id_30026.tif,2412
rgb_n_0393_id_30026.tif,2412
rgb_n_0153_id_30026.tif,2412
rgb_n_0634_id_30125.tif,3596
rgb_n_0077_id_30025.tif,2073
rgb_n_0919_id_30075.tif,3249
rgb_n_1211_id_30077.tif,7346
rgb_n_1320_id_30075.tif,3249
rgb_n_0992_id_30077.tif,7346
rgb_n_0072_id_30027.tif,3816
rgb_n_0147_id_30025.tif,2073
rgb_n_1233_id_30076.tif,4171
rgb_n_0469_id_30125.tif,3596
rgb_n_1128_id_30075.tif,3249
rgb_n_0720_id_30126.tif,4522
rgb_n_0373_id_30027.tif,3816
rgb_n_1038_id_30075.tif,3249
rgb_n_0233_id_30026.tif,2412
rgb_n_0334_id_30025.tif,2073
rgb_n_0233_id_30025.tif,2073
rgb_n_0334_id_30027.tif,3816
rgb_n_0654_id_30125.tif,3596
rgb_n_1257_id_30075.tif,3249
rgb_n_0149_id_30025.tif,2073
rgb_n_0479_id_30125.tif,3596
rgb_n_0752_id_30126.tif,4522
rgb_n_0154_id_30027.tif,3816
rgb_n_0115_id_30026.tif,2412
rgb_n_0214_id_30025.tif,2073
rgb_n_0692_id_30125.tif,3596
rgb_n_0285_id_30026.tif,2412
rgb_n_0246_id_30026.tif,2412
rgb_n_1058_id_30075.tif,3249
rgb_n_1199_id_30077.tif,7346
rgb_n_0398_id_30026.tif,2412
rgb_n_0133_id_30025.tif,2073
rgb_n_1274_id_30075.tif,3249
rgb_n_1230_id_30077.tif,7346
rgb_n_0101_id_30027.tif,3816
rgb_n_0526_id_30125.tif,3596
rgb_n_0270_id_30027.tif,3816
rgb_n_0247_id_30027.tif,3816
rgb_n_0312_id_30026.tif,2412
rgb_n_0712_id_30126.tif,4522
rgb_n_0819_id_30125.tif,3596
rgb_n_1208_id_30077.tif,7346
rgb_n_0317_id_30026.tif,2412
rgb_n_0230_id_30025.tif,2073
rgb_n_0995_id_30076.tif,4171
rgb_n_1090_id_30075.tif,3249
rgb_n_0362_id_30025.tif,2073
rgb_n_1073_id_30076.tif,4171
rgb_n_0824_id_30126.tif,4522
rgb_n_1140_id_30076.tif,4171
rgb_n_1049_id_30076.tif,4171
rgb_n_0076_id_30027.tif,3816
rgb_n_0126_id_30027.tif,3816
rgb_n_1153_id_30077.tif,7346
rgb_n_1105_id_30075.tif,3249
rgb_n_0215_id_30027.tif,3816
rgb_n_0123_id_30025.tif,2073
rgb_n_0044_id_30025.tif,2073
rgb_n_0832_id_30125.tif,3596
rgb_n_0158_id_30025.tif,2073
rgb_n_0051_id_30026.tif,2412
rgb_n_0186_id_30026.tif,2412
rgb_n_0766_id_30126.tif,4522
rgb_n_1051_id_30076.tif,4171
rgb_n_0771_id_30126.tif,4522
rgb_n_1154_id_30077.tif,7346
rgb_n_0768_id_30126.tif,4522
rgb_n_0782_id_30126.tif,4522
rgb_n_0815_id_30126.tif,4522
rgb_n_0259_id_30026.tif,2412
rgb_n_0613_id_30125.tif,3596
rgb_n_0237_id_30026.tif,2412
rgb_n_1144_id_30075.tif,3249
rgb_n_0278_id_30027.tif,3816
rgb_n_0626_id_30125.tif,3596
rgb_n_1083_id_30075.tif,3249
rgb_n_0527_id_30126.tif,4522
rgb_n_0873_id_30125.tif,3596
rgb_n_0126_id_30025.tif,2073
rgb_n_0773_id_30125.tif,3596
rgb_n_0626_id_30126.tif,4522
rgb_n_0999_id_30077.tif,7346
rgb_n_0675_id_30125.tif,3596
rgb_n_0327_id_30025.tif,2073
rgb_n_0698_id_30126.tif,4522
rgb_n_0341_id_30025.tif,2073
rgb_n_1314_id_30075.tif,3249
rgb_n_0827_id_30126.tif,4522
rgb_n_0731_id_30126.tif,4522
rgb_n_0150_id_30025.tif,2073
rgb_n_1071_id_30076.tif,4171
rgb_n_0814_id_30125.tif,3596
rgb_n_0075_id_30026.tif,2412
rgb_n_0122_id_30027.tif,3816
rgb_n_0786_id_30126.tif,4522
rgb_n_0656_id_30126.tif,4522
rgb_n_0210_id_30027.tif,3816
rgb_n_0778_id_30125.tif,3596
rgb_n_0323_id_30025.tif,2073
rgb_n_0002_id_36.tif,2640
rgb_n_1271_id_30075.tif,3249
rgb_n_0987_id_30076.tif,4171
rgb_n_0058_id_30025.tif,2073
rgb_n_0798_id_30125.tif,3596
rgb_n_0156_id_30025.tif,2073
rgb_n_0547_id_30126.tif,4522
rgb_n_0217_id_30027.tif,3816
rgb_n_0167_id_30027.tif,3816
rgb_n_0299_id_30027.tif,3816
rgb_n_0978_id_30077.tif,7346
rgb_n_0647_id_30125.tif,3596
rgb_n_0600_id_30126.tif,4522
rgb_n_0118_id_30026.tif,2412
rgb_n_1198_id_30076.tif,4171
rgb_n_1234_id_30077.tif,7346
rgb_n_1241_id_30075.tif,3249
rgb_n_0167_id_30026.tif,2412
rgb_n_0616_id_30125.tif,3596
rgb_n_0965_id_30075.tif,3249
rgb_n_0574_id_30125.tif,3596
rgb_n_1179_id_30076.tif,4171
rgb_n_0261_id_30027.tif,3816
rgb_n_0164_id_30027.tif,3816
rgb_n_1342_id_30075.tif,3249
rgb_n_0037_id_30026.tif,2412
rgb_n_0365_id_30025.tif,2073
rgb_n_0366_id_30026.tif,2412
rgb_n_1146_id_30076.tif,4171
rgb_n_0311_id_30027.tif,3816
rgb_n_1189_id_30075.tif,3249
rgb_n_0745_id_30125.tif,3596
rgb_n_0043_id_30026.tif,2412
rgb_n_0691_id_30126.tif,4522
rgb_n_0996_id_30077.tif,7346
rgb_n_1223_id_30075.tif,3249
rgb_n_0376_id_30026.tif,2412
rgb_n_0641_id_30126.tif,4522
rgb_n_1326_id_30075.tif,3249
rgb_n_0180_id_30026.tif,2412
rgb_n_1217_id_30075.tif,3249
rgb_n_0340_id_30026.tif,2412
rgb_n_0228_id_30025.tif,2073
rgb_n_0195_id_30027.tif,3816
rgb_n_1243_id_30076.tif,4171
rgb_n_0787_id_30125.tif,3596
rgb_n_0696_id_30126.tif,4522
rgb_n_1219_id_30077.tif,7346
rgb_n_1279_id_30075.tif,3249
rgb_n_0314_id_30026.tif,2412
rgb_n_0921_id_30076.tif,4171
rgb_n_0309_id_30026.tif,2412
rgb_n_0309_id_30025.tif,2073
rgb_n_0184_id_30026.tif,2412
rgb_n_0094_id_30025.tif,2073
rgb_n_0269_id_30025.tif,2073
rgb_n_0119_id_30025.tif,2073
rgb_n_0330_id_30027.tif,3816
rgb_n_0283_id_30027.tif,3816
rgb_n_0231_id_30025.tif,2073
rgb_n_1315_id_30077.tif,7346
rgb_n_0983_id_30077.tif,7346
rgb_n_0242_id_30027.tif,3816
rgb_n_0528_id_30125.tif,3596
rgb_n_0378_id_30025.tif,2073
rgb_n_0730_id_30126.tif,4522
rgb_n_0375_id_30027.tif,3816
rgb_n_0380_id_30025.tif,2073
rgb_n_0617_id_30126.tif,4522
rgb_n_0583_id_30125.tif,3596
rgb_n_0182_id_30027.tif,3816
rgb_n_0117_id_30025.tif,2073
rgb_n_1257_id_30076.tif,4171
rgb_n_1007_id_30076.tif,4171
rgb_n_0082_id_30025.tif,2073
rgb_n_0158_id_30026.tif,2412
rgb_n_0082_id_30026.tif,2412
rgb_n_1146_id_30075.tif,3249
rgb_n_0714_id_30126.tif,4522
rgb_n_0114_id_30026.tif,2412
rgb_n_0922_id_30075.tif,3249
rgb_n_0045_id_30027.tif,3816
rgb_n_0206_id_30027.tif,3816
rgb_n_0250_id_30026.tif,2412
rgb_n_0743_id_30126.tif,4522
rgb_n_0294_id_30026.tif,2412
rgb_n_1243_id_30075.tif,3249
rgb_n_1237_id_30075.tif,3249
rgb_n_0515_id_30126.tif,4522
rgb_n_0361_id_30025.tif,2073
rgb_n_0263_id_30026.tif,2412
rgb_n_1263_id_30076.tif,4171
rgb_n_1187_id_30076.tif,4171
rgb_n_0100_id_30027.tif,3816
rgb_n_0480_id_30125.tif,3596
rgb_n_0194_id_30025.tif,2073
rgb_n_0002_id_31.tif,2359
rgb_n_0043_id_30027.tif,3816
rgb_n_0481_id_30126.tif,4522
rgb_n_0329_id_30026.tif,2412
rgb_n_1248_id_30077.tif,7346
rgb_n_0702_id_30125.tif,3596
rgb_n_0044_id_30026.tif,2412
rgb_n_0334_id_30026.tif,2412
rgb_n_0284_id_30027.tif,3816
rgb_n_1334_id_30077.tif,7346
rgb_n_1022_id_30075.tif,3249
rgb_n_0756_id_30126.tif,4522
rgb_n_0376_id_30027.tif,3816
rgb_n_1050_id_30076.tif,4171
rgb_n_1231_id_30075.tif,3249
rgb_n_0041_id_30025.tif,2073
rgb_n_0397_id_30026.tif,2412
rgb_n_1107_id_30077.tif,7346
rgb_n_0269_id_30026.tif,2412
rgb_n_0076_id_30026.tif,2412
rgb_n_1226_id_30076.tif,4171
rgb_n_0730_id_30125.tif,3596
rgb_n_1256_id_30076.tif,4171
rgb_n_0690_id_30126.tif,4522
rgb_n_0985_id_30075.tif,3249
rgb_n_0211_id_30025.tif,2073
rgb_n_0983_id_30076.tif,4171
rgb_n_0677_id_30126.tif,4522
rgb_n_0866_id_30125.tif,3596
rgb_n_0971_id_30075.tif,3249
rgb_n_0886_id_30125.tif,3596
rgb_n_0104_id_30025.tif,2073
rgb_n_0139_id_30026.tif,2412
rgb_n_1147_id_30075.tif,3249
rgb_n_0394_id_30027.tif,3816
rgb_n_0523_id_30125.tif,3596
rgb_n_0179_id_30026.tif,2412
rgb_n_0889_id_30125.tif,3596
rgb_n_0274_id_30027.tif,3816
rgb_n_0978_id_30076.tif,4171
rgb_n_0052_id_30025.tif,2073
rgb_n_1314_id_30077.tif,7346
rgb_n_1127_id_30075.tif,3249
rgb_n_0264_id_30025.tif,2073
rgb_n_0236_id_30027.tif,3816
rgb_n_0387_id_30027.tif,3816
rgb_n_0104_id_30026.tif,2412
rgb_n_0612_id_30126.tif,4522
rgb_n_0082_id_30027.tif,3816
rgb_n_1097_id_30075.tif,3249
rgb_n_0001_id_35.tif,1981
rgb_n_0964_id_30075.tif,3249
rgb_n_0467_id_30126.tif,4522
rgb_n_0295_id_30025.tif,2073
rgb_n_0098_id_30025.tif,2073
rgb_n_0648_id_30125.tif,3596
rgb_n_0531_id_30125.tif,3596
rgb_n_0927_id_30075.tif,3249
rgb_n_1000_id_30077.tif,7346
rgb_n_0775_id_30126.tif,4522
rgb_n_0294_id_30027.tif,3816
rgb_n_0390_id_30026.tif,2412
rgb_n_0107_id_30025.tif,2073
rgb_n_0051_id_30027.tif,3816
rgb_n_0137_id_30025.tif,2073
rgb_n_0515_id_30125.tif,3596
rgb_n_0266_id_30026.tif,2412
rgb_n_0623_id_30126.tif,4522
rgb_n_1319_id_30076.tif,4171
rgb_n_0312_id_30027.tif,3816
rgb_n_0808_id_30125.tif,3596
rgb_n_1184_id_30076.tif,4171
rgb_n_0810_id_30126.tif,4522
rgb_n_1066_id_30075.tif,3249
rgb_n_1205_id_30077.tif,7346
rgb_n_0091_id_30025.tif,2073
rgb_n_0635_id_30126.tif,4522
rgb_n_0629_id_30126.tif,4522
rgb_n_1341_id_30075.tif,3249
rgb_n_0770_id_30126.tif,4522
rgb_n_0328_id_30025.tif,2073
rgb_n_0142_id_30026.tif,2412
rgb_n_0222_id_30026.tif,2412
rgb_n_1118_id_30077.tif,7346
rgb_n_0198_id_30026.tif,2412
rgb_n_0164_id_30025.tif,2073
rgb_n_0036_id_30027.tif,3816
rgb_n_0661_id_30125.tif,3596
rgb_n_0576_id_30126.tif,4522
rgb_n_0279_id_30025.tif,2073
rgb_n_1211_id_30076.tif,4171
rgb_n_0294_id_30025.tif,2073
rgb_n_0868_id_30126.tif,4522
rgb_n_1087_id_30076.tif,4171
rgb_n_0070_id_30027.tif,3816
rgb_n_0798_id_30126.tif,4522
rgb_n_0034_id_30025.tif,2073
rgb_n_0759_id_30125.tif,3596
rgb_n_0359_id_30025.tif,2073
rgb_n_0640_id_30126.tif,4522
rgb_n_1070_id_30076.tif,4171
rgb_n_1024_id_30076.tif,4171
rgb_n_0753_id_30126.tif,4522
rgb_n_0602_id_30125.tif,3596
rgb_n_0121_id_30026.tif,2412
rgb_n_0687_id_30126.tif,4522
rgb_n_0991_id_30076.tif,4171
rgb_n_0575_id_30126.tif,4522
rgb_n_0173_id_30025.tif,2073
rgb_n_0226_id_30027.tif,3816
rgb_n_0870_id_30126.tif,4522
rgb_n_0801_id_30125.tif,3596
rgb_n_0087_id_30027.tif,3816
rgb_n_0831_id_30125.tif,3596
rgb_n_0279_id_30026.tif,2412
rgb_n_0190_id_30026.tif,2412
rgb_n_0199_id_30027.tif,3816
rgb_n_1210_id_30076.tif,4171
rgb_n_0882_id_30125.tif,3596
rgb_n_1086_id_30075.tif,3249
rgb_n_0001_id_30.tif,3002
rgb_n_0617_id_30125.tif,3596
rgb_n_1162_id_30076.tif,4171
rgb_n_0577_id_30125.tif,3596
rgb_n_0576_id_30125.tif,3596
rgb_n_1080_id_30077.tif,7346
rgb_n_1065_id_30075.tif,3249
rgb_n_1163_id_30076.tif,4171
rgb_n_0542_id_30126.tif,4522
rgb_n_1127_id_30077.tif,7346
rgb_n_0878_id_30125.tif,3596
rgb_n_0205_id_30025.tif,2073
rgb_n_1074_id_30075.tif,3249
rgb_n_0185_id_30025.tif,2073
rgb_n_0295_id_30027.tif,3816
rgb_n_0200_id_30026.tif,2412
rgb_n_1185_id_30077.tif,7346
rgb_n_0681_id_30126.tif,4522
rgb_n_0190_id_30027.tif,3816
rgb_n_1089_id_30076.tif,4171
rgb_n_0615_id_30126.tif,4522
rgb_n_0171_id_30025.tif,2073
rgb_n_0686_id_30125.tif,3596
rgb_n_1215_id_30075.tif,3249
rgb_n_0528_id_30126.tif,4522
rgb_n_1001_id_30076.tif,4171
rgb_n_0608_id_30126.tif,4522
rgb_n_0107_id_30026.tif,2412
rgb_n_0039_id_30026.tif,2412
rgb_n_0085_id_30025.tif,2073
rgb_n_0880_id_30126.tif,4522
rgb_n_0579_id_30126.tif,4522
rgb_n_1082_id_30077.tif,7346
rgb_n_0220_id_30025.tif,2073
rgb_n_1336_id_30076.tif,4171
rgb_n_0242_id_30025.tif,2073
rgb_n_0365_id_30027.tif,3816
rgb_n_0360_id_30025.tif,2073
rgb_n_0062_id_30026.tif,2412
rgb_n_0547_id_30125.tif,3596
rgb_n_0338_id_30027.tif,3816
rgb_n_0784_id_30126.tif,4522
rgb_n_1058_id_30077.tif,7346
rgb_n_0516_id_30126.tif,4522
rgb_n_0610_id_30125.tif,3596
rgb_n_1275_id_30077.tif,7346
rgb_n_0156_id_30026.tif,2412
rgb_n_0247_id_30026.tif,2412
rgb_n_0529_id_30126.tif,4522
rgb_n_1003_id_30077.tif,7346
rgb_n_0085_id_30026.tif,2412
rgb_n_0551_id_30126.tif,4522
rgb_n_0762_id_30126.tif,4522
rgb_n_0308_id_30026.tif,2412
rgb_n_1077_id_30077.tif,7346
rgb_n_1137_id_30076.tif,4171
rgb_n_0002_id_33.tif,625
rgb_n_0238_id_30025.tif,2073
rgb_n_0357_id_30026.tif,2412
rgb_n_0590_id_30126.tif,4522
rgb_n_0163_id_30027.tif,3816
rgb_n_1209_id_30076.tif,4171
rgb_n_0737_id_30126.tif,4522
rgb_n_1089_id_30075.tif,3249
rgb_n_1038_id_30076.tif,4171
rgb_n_0264_id_30027.tif,3816
rgb_n_1200_id_30075.tif,3249
rgb_n_0727_id_30126.tif,4522
rgb_n_0916_id_30075.tif,3249
rgb_n_1280_id_30076.tif,4171
rgb_n_0923_id_30075.tif,3249
rgb_n_0131_id_30026.tif,2412
rgb_n_0794_id_30125.tif,3596
rgb_n_0917_id_30076.tif,4171
rgb_n_1136_id_30077.tif,7346
rgb_n_1016_id_30077.tif,7346
rgb_n_0357_id_30027.tif,3816
rgb_n_1263_id_30077.tif,7346
rgb_n_0979_id_30076.tif,4171
rgb_n_0695_id_30126.tif,4522
rgb_n_0285_id_30027.tif,3816
rgb_n_0059_id_30025.tif,2073
rgb_n_0199_id_30026.tif,2412
rgb_n_1337_id_30075.tif,3249
rgb_n_0970_id_30075.tif,3249
rgb_n_0093_id_30027.tif,3816
rgb_n_1152_id_30076.tif,4171
rgb_n_1061_id_30077.tif,7346
rgb_n_0275_id_30026.tif,2412
rgb_n_0791_id_30126.tif,4522
rgb_n_0374_id_30027.tif,3816
rgb_n_0929_id_30076.tif,4171
rgb_n_0153_id_30025.tif,2073
rgb_n_0649_id_30125.tif,3596
rgb_n_0739_id_30126.tif,4522
rgb_n_0894_id_30125.tif,3596
rgb_n_0976_id_30077.tif,7346
rgb_n_0059_id_30027.tif,3816
rgb_n_0986_id_30076.tif,4171
rgb_n_0965_id_30077.tif,7346
rgb_n_0596_id_30126.tif,4522
rgb_n_0991_id_30075.tif,3249
rgb_n_1318_id_30077.tif,7346
rgb_n_0261_id_30026.tif,2412
rgb_n_0215_id_30026.tif,2412
rgb_n_0298_id_30026.tif,2412
rgb_n_0359_id_30027.tif,3816
rgb_n_1251_id_30077.tif,7346
rgb_n_0643_id_30125.tif,3596
rgb_n_1330_id_30076.tif,4171
rgb_n_1122_id_30076.tif,4171
rgb_n_0083_id_30027.tif,3816
rgb_n_0594_id_30125.tif,3596
rgb_n_0327_id_30026.tif,2412
rgb_n_1091_id_30077.tif,7346
rgb_n_0571_id_30126.tif,4522
rgb_n_0045_id_30025.tif,2073
rgb_n_0121_id_30027.tif,3816
rgb_n_0307_id_30025.tif,2073
rgb_n_0661_id_30126.tif,4522
rgb_n_1145_id_30076.tif,4171
rgb_n_0188_id_30027.tif,3816
rgb_n_1232_id_30077.tif,7346
rgb_n_0213_id_30026.tif,2412
rgb_n_1096_id_30076.tif,4171
rgb_n_1155_id_30075.tif,3249
rgb_n_0265_id_30026.tif,2412
rgb_n_0522_id_30126.tif,4522
rgb_n_1159_id_30075.tif,3249
rgb_n_0172_id_30026.tif,2412
rgb_n_0371_id_30026.tif,2412
rgb_n_1269_id_30076.tif,4171
rgb_n_0521_id_30125.tif,3596
rgb_n_0697_id_30125.tif,3596
rgb_n_1114_id_30077.tif,7346
rgb_n_0724_id_30126.tif,4522
rgb_n_0067_id_30027.tif,3816
rgb_n_0154_id_30026.tif,2412
rgb_n_0186_id_30027.tif,3816
rgb_n_0098_id_30027.tif,3816
rgb_n_0306_id_30026.tif,2412
rgb_n_0969_id_30077.tif,7346
rgb_n_0296_id_30025.tif,2073
rgb_n_0987_id_30075.tif,3249
rgb_n_0872_id_30126.tif,4522
rgb_n_0110_id_30026.tif,2412
rgb_n_0340_id_30025.tif,2073
rgb_n_1201_id_30076.tif,4171
rgb_n_0148_id_30025.tif,2073
rgb_n_0307_id_30026.tif,2412
rgb_n_0179_id_30027.tif,3816
rgb_n_0002_id_3.tif,1014
rgb_n_1105_id_30077.tif,7346
rgb_n_0054_id_30025.tif,2073
rgb_n_1054_id_30076.tif,4171
rgb_n_0322_id_30027.tif,3816
rgb_n_0316_id_30027.tif,3816
rgb_n_0555_id_30126.tif,4522
rgb_n_0232_id_30027.tif,3816
rgb_n_1091_id_30076.tif,4171
rgb_n_1010_id_30075.tif,3249
rgb_n_0976_id_30076.tif,4171
rgb_n_0599_id_30126.tif,4522
rgb_n_0276_id_30025.tif,2073
rgb_n_1130_id_30075.tif,3249
rgb_n_0260_id_30026.tif,2412
rgb_n_1341_id_30077.tif,7346
rgb_n_0228_id_30027.tif,3816
rgb_n_0311_id_30026.tif,2412
rgb_n_1033_id_30077.tif,7346
rgb_n_1121_id_30077.tif,7346
rgb_n_1011_id_30075.tif,3249
rgb_n_0214_id_30026.tif,2412
rgb_n_1054_id_30075.tif,3249
rgb_n_1047_id_30076.tif,4171
rgb_n_1041_id_30075.tif,3249
rgb_n_0672_id_30126.tif,4522
rgb_n_0249_id_30027.tif,3816
rgb_n_1191_id_30075.tif,3249
